,ansa,april,association,bank,banking,british,central,european,i,institute,italian,italy,may,minister,monetary,national,opposition,premier,prodi,renato,romano,rome,tuesday,uk,union,abroad,acknowledge,action,apply,assume,base,big,borrowing,carry,change,cite,claim,clear,client,commission,company,condition,confirm,consumer,contract,cost,country,credit,crime,customer,cut,deny,discount,economic,environment,envisage,euro,evening,expense,foreign,form,future,goal,government,guilty,hail,high,idea,include,independent,investment,issue,launch,lead,leader,loan,low,lower,maximum,member,money,mortgage,night,note,offer,official,operate,order,owner,pave,point,policy,power,president,press,problem,proper,proposal,raise,rate,receive,reply,request,scrapp,sharp,slow,solve,spark,speak,state,step,stress,subject,subsidy,succession,support,tax,term,threat,today,trade,turn,year,yesterday,administration,agency,asahi,committee,department,financial,housing,inc,january,japan,march,market,mitsubishi,october,post,prime,public,september,service,tokyo,version,accelerate,addition,additional,agreement,aim,answer,apartment,appoint,approve,arrange,attach,attack,attention,authority,avoid,bad,balance,billion,bold,borrower,building,business,buyer,cabinet,case,charge,condominium,contact,create,criticize,day,deal,depend,document,dual,economy,establish,executive,exist,expensive,facility,family,feel,finance,force,free,good,grant,great,group,guarantee,guide,guideline,hard,house,identity,implement,individual,industry,inspection,inspector,invest,investigation,involve,land,large,lending,level,limit,local,locate,luxury,maintenance,major,management,manager,manual,matter,meet,month,nation,neighbor,nice,party,pay,payment,percent,place,plan,political,pose,position,price,private,proceed,property,provide,purchase,pursue,question,real,reason,reduce,reform,regard,regular,report,require,requirement,responsibility,rule,sale,security,select,set,site,size,source,special,stand,steal,stock,story,strong,success,suffer,suspect,task,tighten,time,total,transfer,treatment,understand,unusual,view,week,work,months,china,december,ministry,thursday,us,add,affect,ago,agree,bear,community,damage,disaster,disastrous,domestic,extend,health,hit,institution,instruct,insurance,measure,meeting,procedure,recovery,region,remain,rural,victim,friday,kyodo,new,build,construction,deem,early,ensure,increase,late,lift,record,rise,august,decision,key,range,response,target,affirm,aid,bring,close,commercial,conclude,dispute,efficiency,obstacle,outdated,reach,remove,room,short,talk,unable,wake,europe,break,buy,convergence,correspondent,face,follow,job,lose,news,people,poor,reaffirm,result,society,start,young,standard,accord,basis,concern,expect,fall,general,half,impact,letter,normal,signal,sufficient,warning,days,air,aircraft,airline,aviation,carrier,civil,dangerous,deputy,draw,equipment,flight,head,hour,joint,monitoring,number,personnel,qualification,replace,safety,situation,spend,terrorist,transport,airport,international,unite,assign,check,police,prompt,provision,team,fly,ground,single,canada,canadian,court,office,prosecutor,review,administrative,blame,certification,certify,challenge,compliance,concerned,continue,declare,director,enable,examine,fact,failure,fault,fight,finding,happen,illegal,inadequate,initiative,material,operation,origin,paperwork,passenger,plane,play,prove,quality,representative,role,safe,sell,specialize,supply,trouble,word,write,beijing,june,xinhua,detailed,engine,pilot,program,study,february,travel,french,jean,kingdom,admit,complain,daily,demand,detect,duty,enjoy,fear,kind,long,monitor,opinion,permit,regularly,resolve,respect,rest,shortage,strict,submit,organization,achieve,choose,decide,pass,practice,weeks,bse,cap,channel,eu,france,glavany,mouth,north,agricultural,animal,area,cattle,common,confine,consideration,contaminate,control,cris,crisis,destruction,direct,disease,drop,embargo,experience,export,farmer,farming,food,hoof,human,import,impose,lesson,main,message,oppose,outbreak,preventive,progress,rationale,repercussion,restore,risk,sector,sheep,slaughter,spread,virus,capital,prepare,scale,agriculture,iraqi,un,veterinary,clinic,contribute,cow,danger,death,destroy,epidemic,factory,produce,vaccine,chirac,franco,german,germany,greens,acting,current,feeling,lack,mad,movement,occur,product,production,respectful,interview,publish,quarantine,visit,farm,herd
C7-article08.txt,0.011832888808514288,0.0,0.00990210257942779,0.07324081924454065,0.0,0.01706437589741005,0.0,0.0,0.013202803439237054,0.023665777617028576,0.0341287517948201,0.022408798827340645,0.011832888808514288,0.004168898749304285,0.0,0.0,0.011832888808514288,0.029706307738283366,0.05941261547656673,0.0,0.0,0.00990210257942779,0.00990210257942779,0.00990210257942779,0.0,0.011832888808514288,0.011832888808514288,0.01980420515885558,0.01706437589741005,0.011832888808514288,0.008532187948705024,0.029706307738283366,0.011832888808514288,0.008532187948705024,0.006601401719618527,0.011832888808514288,0.05972531564093517,0.00746959960911355,0.00990210257942779,0.01980420515885558,0.005231487088895761,0.008532187948705024,0.00990210257942779,0.01980420515885558,0.01980420515885558,0.011734701726596498,0.00467061549053203,0.03960841031771116,0.011832888808514288,0.03549866642554286,0.0341287517948201,0.00990210257942779,0.03549866642554286,0.0149391992182271,0.00990210257942779,0.01980420515885558,0.011832888808514288,0.00990210257942779,0.011832888808514288,0.0149391992182271,0.00990210257942779,0.011832888808514288,0.00990210257942779,0.00934123098106406,0.011832888808514288,0.011832888808514288,0.0149391992182271,0.011832888808514288,0.005867350863298249,0.011832888808514288,0.00990210257942779,0.00833779749860857,0.00990210257942779,0.013202803439237054,0.011832888808514288,0.00746959960911355,0.01980420515885558,0.01980420515885558,0.011832888808514288,0.006601401719618527,0.008532187948705024,0.08893528051122794,0.00990210257942779,0.00990210257942779,0.01706437589741005,0.011832888808514288,0.00990210257942779,0.005867350863298249,0.023665777617028576,0.011832888808514288,0.011734701726596498,0.005231487088895761,0.006601401719618527,0.00746959960911355,0.04733155523405715,0.006601401719618527,0.011832888808514288,0.011832888808514288,0.0149391992182271,0.08893528051122794,0.008532187948705024,0.023665777617028576,0.011832888808514288,0.011832888808514288,0.011832888808514288,0.011832888808514288,0.011832888808514288,0.011832888808514288,0.00746959960911355,0.011145122250708213,0.006601401719618527,0.00990210257942779,0.011832888808514288,0.022408798827340645,0.00990210257942779,0.00990210257942779,0.008532187948705024,0.01706437589741005,0.011832888808514288,0.0341287517948201,0.00990210257942779,0.011832888808514288,0.004168898749304285,0.0149391992182271,0.0,0.0,0.0,0.0,0.0,0.0,0.0,0.0,0.0,0.0,0.0,0.0,0.0,0.0,0.0,0.0,0.0,0.0,0.0,0.0,0.0,0.0,0.0,0.0,0.0,0.0,0.0,0.0,0.0,0.0,0.0,0.0,0.0,0.0,0.0,0.0,0.0,0.0,0.0,0.0,0.0,0.0,0.0,0.0,0.0,0.0,0.0,0.0,0.0,0.0,0.0,0.0,0.0,0.0,0.0,0.0,0.0,0.0,0.0,0.0,0.0,0.0,0.0,0.0,0.0,0.0,0.0,0.0,0.0,0.0,0.0,0.0,0.0,0.0,0.0,0.0,0.0,0.0,0.0,0.0,0.0,0.0,0.0,0.0,0.0,0.0,0.0,0.0,0.0,0.0,0.0,0.0,0.0,0.0,0.0,0.0,0.0,0.0,0.0,0.0,0.0,0.0,0.0,0.0,0.0,0.0,0.0,0.0,0.0,0.0,0.0,0.0,0.0,0.0,0.0,0.0,0.0,0.0,0.0,0.0,0.0,0.0,0.0,0.0,0.0,0.0,0.0,0.0,0.0,0.0,0.0,0.0,0.0,0.0,0.0,0.0,0.0,0.0,0.0,0.0,0.0,0.0,0.0,0.0,0.0,0.0,0.0,0.0,0.0,0.0,0.0,0.0,0.0,0.0,0.0,0.0,0.0,0.0,0.0,0.0,0.0,0.0,0.0,0.0,0.0,0.0,0.0,0.0,0.0,0.0,0.0,0.0,0.0,0.0,0.0,0.0,0.0,0.0,0.0,0.0,0.0,0.0,0.0,0.0,0.0,0.0,0.0,0.0,0.0,0.0,0.0,0.0,0.0,0.0,0.0,0.0,0.0,0.0,0.0,0.0,0.0,0.0,0.0,0.0,0.0,0.0,0.0,0.0,0.0,0.0,0.0,0.0,0.0,0.0,0.0,0.0,0.0,0.0,0.0,0.0,0.0,0.0,0.0,0.0,0.0,0.0,0.0,0.0,0.0,0.0,0.0,0.0,0.0,0.0,0.0,0.0,0.0,0.0,0.0,0.0,0.0,0.0,0.0,0.0,0.0,0.0,0.0,0.0,0.0,0.0,0.0,0.0,0.0,0.0,0.0,0.0,0.0,0.0,0.0,0.0,0.0,0.0,0.0,0.0,0.0,0.0,0.0,0.0,0.0,0.0,0.0,0.0,0.0,0.0,0.0,0.0,0.0,0.0,0.0,0.0,0.0,0.0,0.0,0.0,0.0,0.0,0.0,0.0,0.0,0.0,0.0,0.0,0.0,0.0,0.0,0.0,0.0,0.0,0.0,0.0,0.0,0.0,0.0,0.0,0.0,0.0,0.0,0.0,0.0,0.0,0.0,0.0,0.0,0.0,0.0,0.0,0.0,0.0,0.0,0.0,0.0,0.0,0.0,0.0,0.0,0.0,0.0,0.0,0.0,0.0,0.0,0.0,0.0,0.0,0.0,0.0,0.0,0.0,0.0,0.0,0.0,0.0,0.0,0.0,0.0,0.0,0.0,0.0,0.0,0.0,0.0,0.0,0.0,0.0,0.0,0.0,0.0,0.0,0.0,0.0,0.0,0.0,0.0,0.0,0.0,0.0,0.0,0.0,0.0,0.0,0.0,0.0,0.0,0.0,0.0,0.0,0.0,0.0,0.0,0.0,0.0,0.0,0.0,0.0,0.0,0.0,0.0,0.0,0.0,0.0,0.0,0.0,0.0,0.0,0.0,0.0,0.0,0.0,0.0,0.0,0.0,0.0,0.0,0.0,0.0,0.0,0.0,0.0,0.0,0.0,0.0,0.0,0.0,0.0,0.0,0.0,0.0,0.0,0.0,0.0,0.0,0.0,0.0,0.0,0.0,0.0,0.0,0.0,0.0,0.0,0.0,0.0,0.0,0.0,0.0,0.0,0.0,0.0,0.0,0.0,0.0,0.0,0.0,0.0,0.0,0.0,0.0,0.0,0.0,0.0,0.0,0.0,0.0,0.0,0.0,0.0,0.0,0.0,0.0,0.0,0.0,0.0,0.0,0.0,0.0
C7-article05.txt,0.0,0.0,0.0,0.088394092191687,0.00514873410697717,0.0,0.01195081345793009,0.0,0.01195081345793009,0.0,0.0,0.0,0.0,0.04528286572520172,0.0,0.0,0.007140536349965518,0.0,0.0,0.0,0.0,0.0,0.0,0.0,0.0,0.0,0.0,0.0,0.00514873410697717,0.021421609049896553,0.00514873410697717,0.0,0.0,0.0,0.003983604485976697,0.0,0.0,0.0,0.005975406728965045,0.0,0.012627727455955284,0.0,0.0,0.0,0.0,0.0035406427623351504,0.0,0.005975406728965045,0.0,0.0,0.00514873410697717,0.0,0.0,0.018030068021998222,0.0,0.0,0.0,0.0,0.007140536349965518,0.0,0.0,0.0,0.0,0.00563694972995245,0.0,0.0,0.009015034010999111,0.0,0.0035406427623351504,0.0,0.005975406728965045,0.005031429525022413,0.005975406728965045,0.003983604485976697,0.007140536349965518,0.1487480611814853,0.01593441794390679,0.0,0.0,0.007967208971953394,0.01029746821395434,0.04104011423185468,0.0,0.0,0.0,0.0,0.0,0.01062192828700545,0.0,0.0,0.0,0.03156931863988821,0.003983604485976697,0.0,0.007140536349965518,0.007967208971953394,0.0,0.0,0.009015034010999111,0.03472625050387704,0.015446202320931508,0.014281072699931036,0.007140536349965518,0.0,0.0,0.0,0.007140536349965518,0.0,0.0,0.0,0.0,0.0,0.0,0.0,0.0,0.0,0.01029746821395434,0.0,0.0,0.0,0.0,0.0,0.012578573812556032,0.0,0.0,0.0,0.0,0.0,0.0,0.07170488074758054,0.03570268174982759,0.021421609049896553,0.0,0.049983754449758624,0.0,0.0,0.049983754449758624,0.0,0.014281072699931036,0.015446202320931508,0.007081285524670301,0.0,0.007967208971953394,0.04182784710275532,0.007140536349965518,0.007140536349965518,0.005975406728965045,0.007140536349965518,0.007140536349965518,0.007140536349965518,0.03570268174982759,0.014281072699931036,0.014281072699931036,0.015446202320931508,0.014281072699931036,0.007140536349965518,0.005975406728965045,0.00514873410697717,0.002818474864976225,0.01195081345793009,0.007140536349965518,0.017926220186895134,0.0,0.007140536349965518,0.007140536349965518,0.01195081345793009,0.017926220186895134,0.005975406728965045,0.005975406728965045,0.008455424594928674,0.01195081345793009,0.03570268174982759,0.005975406728965045,0.005975406728965045,0.014281072699931036,0.008455424594928674,0.014281072699931036,0.00514873410697717,0.005975406728965045,0.007140536349965518,0.01195081345793009,0.003983604485976697,0.007140536349965518,0.00514873410697717,0.007140536349965518,0.005975406728965045,0.007140536349965518,0.005975406728965045,0.00514873410697717,0.003983604485976697,0.005975406728965045,0.003156931863988821,0.01195081345793009,0.00514873410697717,0.017926220186895134,0.01029746821395434,0.007140536349965518,0.007140536349965518,0.005975406728965045,0.058597721071494226,0.007140536349965518,0.004507517005499556,0.005975406728965045,0.00514873410697717,0.007081285524670301,0.007140536349965518,0.007140536349965518,0.005975406728965045,0.021421609049896553,0.005975406728965045,0.01029746821395434,0.00514873410697717,0.01593441794390679,0.004507517005499556,0.007140536349965518,0.007140536349965518,0.007140536349965518,0.004507517005499556,0.017926220186895134,0.02390162691586018,0.005975406728965045,0.014281072699931036,0.00514873410697717,0.0035406427623351504,0.006313863727977642,0.007140536349965518,0.007140536349965518,0.007140536349965518,0.007140536349965518,0.03983604485976697,0.03570268174982759,0.007967208971953394,0.007140536349965518,0.004507517005499556,0.007140536349965518,0.007140536349965518,0.04284321809979311,0.03570268174982759,0.007140536349965518,0.007140536349965518,0.049983754449758624,0.02390162691586018,0.030892404641863016,0.007140536349965518,0.024784499336346053,0.03570268174982759,0.007140536349965518,0.007140536349965518,0.005975406728965045,0.005975406728965045,0.007140536349965518,0.002818474864976225,0.005975406728965045,0.005975406728965045,0.007140536349965518,0.00514873410697717,0.005975406728965045,0.015446202320931508,0.007140536349965518,0.0035406427623351504,0.007140536349965518,0.017926220186895134,0.0035406427623351504,0.04780325383172036,0.014281072699931036,0.007140536349965518,0.005975406728965045,0.007140536349965518,0.005975406728965045,0.007140536349965518,0.00514873410697717,0.005975406728965045,0.005975406728965045,0.005975406728965045,0.0017617944623172668,0.007140536349965518,0.01195081345793009,0.02856214539986207,0.007140536349965518,0.007140536349965518,0.00514873410697717,0.003983604485976697,0.003983604485976697,0.0,0.0,0.0,0.0,0.0,0.0,0.0,0.0,0.0,0.0,0.0,0.0,0.0,0.0,0.0,0.0,0.0,0.0,0.0,0.0,0.0,0.0,0.0,0.0,0.0,0.0,0.0,0.0,0.0,0.0,0.0,0.0,0.0,0.0,0.0,0.0,0.0,0.0,0.0,0.0,0.0,0.0,0.0,0.0,0.0,0.0,0.0,0.0,0.0,0.0,0.0,0.0,0.0,0.0,0.0,0.0,0.0,0.0,0.0,0.0,0.0,0.0,0.0,0.0,0.0,0.0,0.0,0.0,0.0,0.0,0.0,0.0,0.0,0.0,0.0,0.0,0.0,0.0,0.0,0.0,0.0,0.0,0.0,0.0,0.0,0.0,0.0,0.0,0.0,0.0,0.0,0.0,0.0,0.0,0.0,0.0,0.0,0.0,0.0,0.0,0.0,0.0,0.0,0.0,0.0,0.0,0.0,0.0,0.0,0.0,0.0,0.0,0.0,0.0,0.0,0.0,0.0,0.0,0.0,0.0,0.0,0.0,0.0,0.0,0.0,0.0,0.0,0.0,0.0,0.0,0.0,0.0,0.0,0.0,0.0,0.0,0.0,0.0,0.0,0.0,0.0,0.0,0.0,0.0,0.0,0.0,0.0,0.0,0.0,0.0,0.0,0.0,0.0,0.0,0.0,0.0,0.0,0.0,0.0,0.0,0.0,0.0,0.0,0.0,0.0,0.0,0.0,0.0,0.0,0.0,0.0,0.0,0.0,0.0,0.0,0.0,0.0,0.0,0.0,0.0,0.0,0.0,0.0,0.0,0.0,0.0,0.0,0.0,0.0,0.0,0.0,0.0,0.0,0.0,0.0,0.0,0.0,0.0,0.0,0.0,0.0,0.0,0.0,0.0,0.0,0.0,0.0,0.0,0.0,0.0,0.0,0.0,0.0,0.0,0.0,0.0,0.0,0.0,0.0,0.0,0.0,0.0,0.0,0.0,0.0,0.0,0.0,0.0,0.0,0.0,0.0,0.0,0.0,0.0,0.0,0.0,0.0,0.0,0.0,0.0,0.0,0.0,0.0,0.0,0.0,0.0,0.0,0.0,0.0,0.0,0.0,0.0,0.0,0.0,0.0,0.0,0.0,0.0,0.0,0.0,0.0,0.0,0.0,0.0,0.0,0.0,0.0,0.0,0.0,0.0,0.0,0.0,0.0,0.0,0.0,0.0,0.0,0.0,0.0,0.0,0.0,0.0,0.0,0.0,0.0,0.0,0.0,0.0,0.0,0.0,0.0,0.0,0.0,0.0,0.0,0.0,0.0,0.0,0.0,0.0,0.0,0.0,0.0,0.0,0.0,0.0
C7-article04.txt,0.0,0.0,0.0,0.012627727455955284,0.0,0.0,0.02390162691586018,0.0,0.0,0.0,0.0,0.0,0.0,0.0,0.0,0.0,0.0,0.04780325383172036,0.0,0.0,0.0,0.0,0.0,0.0,0.0,0.0,0.0,0.0,0.0,0.0,0.0,0.0,0.0,0.0,0.0,0.0,0.0,0.0,0.0,0.02390162691586018,0.0,0.0,0.0,0.0,0.0,0.014162571049340602,0.0,0.0,0.0,0.0,0.04118987285581736,0.0,0.0,0.0,0.0,0.0,0.0,0.0,0.0,0.0,0.0,0.0,0.02390162691586018,0.0225477989198098,0.0,0.0,0.018030068021998222,0.0,0.0,0.0,0.0,0.010062859050044826,0.0,0.0,0.0,0.036060136043996445,0.0,0.01593441794390679,0.0,0.0,0.0,0.03788318236786586,0.0,0.0,0.0,0.0,0.0,0.0,0.0,0.0,0.0,0.0,0.0,0.0,0.0,0.0,0.0,0.0,0.0,0.06313863727977642,0.0,0.0,0.0,0.0,0.0,0.0,0.0,0.0,0.0,0.0,0.0,0.0,0.0,0.018030068021998222,0.0,0.0,0.0,0.0,0.0,0.0,0.0,0.0,0.020125718100089653,0.0,0.0,0.0,0.0,0.0,0.0,0.02390162691586018,0.0,0.0,0.0,0.0,0.0,0.0,0.0,0.02390162691586018,0.02856214539986207,0.0,0.0,0.018030068021998222,0.0,0.0,0.0,0.0,0.0,0.0,0.0,0.0,0.0,0.0,0.0,0.0,0.0,0.0,0.0,0.0,0.0,0.0,0.0,0.0,0.0,0.0,0.0,0.0,0.0,0.0,0.0,0.0,0.0,0.0,0.0,0.0,0.0,0.0,0.0,0.0,0.0,0.0,0.0,0.0,0.0,0.0,0.0,0.0,0.0,0.0,0.0,0.0,0.0,0.0,0.0,0.0,0.0,0.0,0.0,0.0,0.0,0.018030068021998222,0.0,0.0,0.0,0.0,0.0,0.0,0.0,0.0,0.0,0.0,0.0,0.0,0.0,0.0,0.0,0.0,0.0,0.0,0.0,0.0,0.0,0.0,0.0,0.014162571049340602,0.0,0.0,0.0,0.0,0.0,0.0,0.0,0.0,0.0,0.0,0.0,0.0,0.0,0.0,0.0,0.0,0.0,0.0,0.0,0.0,0.0,0.0,0.0,0.0,0.0,0.0,0.0,0.0,0.0,0.0,0.0,0.0,0.0,0.0,0.0,0.0,0.0,0.0,0.0,0.0,0.0,0.0,0.0,0.0,0.0,0.0,0.02059493642790868,0.0,0.0,0.0,0.007047177849269067,0.0,0.0,0.0,0.0,0.0,0.0,0.01593441794390679,0.0,0.0,0.0,0.02856214539986207,0.0,0.02390162691586018,0.02390162691586018,0.018030068021998222,0.08237974571163471,0.0,0.04780325383172036,0.02856214539986207,0.02856214539986207,0.02856214539986207,0.02856214539986207,0.02856214539986207,0.02390162691586018,0.02856214539986207,0.02059493642790868,0.02059493642790868,0.02390162691586018,0.02856214539986207,0.02856214539986207,0.01593441794390679,0.02390162691586018,0.02390162691586018,0.0,0.02856214539986207,0.02059493642790868,0.02059493642790868,0.08568643619958621,0.0,0.0,0.0,0.0,0.0,0.0,0.0,0.0,0.0,0.0,0.0,0.0,0.0,0.0,0.0,0.0,0.0,0.0,0.0,0.0,0.0,0.0,0.0,0.0,0.0,0.0,0.0,0.0,0.0,0.0,0.0,0.0,0.0,0.0,0.0,0.0,0.0,0.0,0.0,0.0,0.0,0.0,0.0,0.0,0.0,0.0,0.0,0.0,0.0,0.0,0.0,0.0,0.0,0.0,0.0,0.0,0.0,0.0,0.0,0.0,0.0,0.0,0.0,0.0,0.0,0.0,0.0,0.0,0.0,0.0,0.0,0.0,0.0,0.0,0.0,0.0,0.0,0.0,0.0,0.0,0.0,0.0,0.0,0.0,0.0,0.0,0.0,0.0,0.0,0.0,0.0,0.0,0.0,0.0,0.0,0.0,0.0,0.0,0.0,0.0,0.0,0.0,0.0,0.0,0.0,0.0,0.0,0.0,0.0,0.0,0.0,0.0,0.0,0.0,0.0,0.0,0.0,0.0,0.0,0.0,0.0,0.0,0.0,0.0,0.0,0.0,0.0,0.0,0.0,0.0,0.0,0.0,0.0,0.0,0.0,0.0,0.0,0.0,0.0,0.0,0.0,0.0,0.0,0.0,0.0,0.0,0.0,0.0,0.0,0.0,0.0,0.0,0.0,0.0,0.0,0.0,0.0,0.0,0.0,0.0,0.0,0.0,0.0,0.0,0.0,0.0,0.0,0.0,0.0,0.0,0.0,0.0,0.0,0.0,0.0,0.0,0.0,0.0,0.0,0.0,0.0,0.0,0.0,0.0,0.0,0.0,0.0,0.0,0.0,0.0,0.0,0.0,0.0,0.0,0.0,0.0,0.0,0.0,0.0,0.0,0.0,0.0,0.0,0.0,0.0,0.0,0.0,0.0,0.0,0.0,0.0,0.0,0.0,0.0,0.0,0.0,0.0,0.0,0.0,0.0,0.0,0.0,0.0,0.0,0.0,0.0,0.0,0.0,0.0,0.0,0.0,0.0,0.0,0.0,0.0,0.0,0.0,0.0,0.0,0.0,0.0,0.0,0.0,0.0,0.0,0.0,0.0,0.0,0.0,0.0,0.0,0.0,0.0,0.0,0.0,0.0,0.0,0.0,0.0,0.0,0.0,0.0,0.0,0.0,0.0,0.0,0.0,0.0,0.0,0.0,0.0,0.0,0.0,0.0,0.0,0.0
C7-article06.txt,0.0,0.0,0.0,0.0,0.0,0.0,0.0,0.0,0.0,0.0,0.0,0.0,0.03654274484982353,0.01287454025520441,0.0,0.0,0.0,0.0,0.0,0.0,0.0,0.0,0.0,0.0,0.0,0.0,0.0,0.0,0.0263494039592361,0.0,0.0,0.0,0.03654274484982353,0.0,0.0,0.0,0.0,0.0,0.0,0.0,0.0,0.0,0.0,0.0,0.0,0.0181197600190093,0.0,0.0,0.0,0.0,0.0,0.0,0.0,0.023067881145791842,0.0,0.0,0.0,0.0,0.0,0.0,0.0,0.0,0.0,0.0721197980155681,0.0,0.0,0.0,0.0,0.0,0.0,0.03058002267176229,0.0,0.0,0.0,0.0,0.06920364343737553,0.06116004534352459,0.02038668178117486,0.0,0.0,0.0,0.048468189205946026,0.0,0.0,0.0263494039592361,0.0,0.0,0.0362395200380186,0.0,0.0,0.0,0.0,0.0,0.0,0.0,0.0,0.0,0.0,0.0,0.1130924414805407,0.0,0.0,0.0,0.0,0.0,0.0,0.0,0.0,0.0,0.0,0.0,0.0,0.0,0.0,0.0,0.0,0.0,0.0,0.0,0.0,0.0,0.0,0.0,0.0,0.0,0.0,0.0,0.0,0.0,0.0,0.03654274484982353,0.0,0.0,0.0,0.0,0.0,0.0,0.0,0.0,0.0,0.0,0.0,0.0,0.03058002267176229,0.0,0.0,0.0,0.0,0.0,0.0,0.0,0.0,0.0,0.0,0.03654274484982353,0.0,0.0,0.0,0.0,0.0,0.0,0.0,0.0,0.0,0.0,0.03058002267176229,0.0,0.0,0.03058002267176229,0.0,0.0,0.03654274484982353,0.0,0.0,0.0,0.0,0.0,0.0,0.0,0.0,0.0,0.0,0.0,0.0,0.0,0.0,0.0,0.0,0.0263494039592361,0.0,0.0,0.0,0.0,0.0,0.0,0.0,0.0,0.0,0.0,0.023067881145791842,0.0,0.0,0.03058002267176229,0.0,0.0,0.0,0.0,0.0,0.0,0.0,0.0,0.0263494039592361,0.02038668178117486,0.046135762291583685,0.0,0.0,0.0,0.0,0.0,0.0,0.0,0.0,0.0,0.0181197600190093,0.0,0.0,0.0,0.0,0.0,0.0,0.0,0.02038668178117486,0.0,0.023067881145791842,0.0,0.0,0.0,0.0,0.0,0.0,0.0,0.0,0.0263494039592361,0.0,0.0,0.0,0.0,0.0,0.03058002267176229,0.0,0.0,0.01442395960311362,0.03058002267176229,0.0,0.0,0.0,0.03058002267176229,0.0,0.0,0.0,0.0,0.0,0.0543592800570279,0.0,0.0,0.0,0.0,0.0,0.03058002267176229,0.0,0.0,0.0,0.0,0.0,0.0,0.0,0.0,0.0,0.0,0.0,0.0,0.0,0.0,0.0,0.0,0.0,0.0362395200380186,0.0,0.0,0.0,0.0,0.0,0.03058002267176229,0.0,0.0,0.0,0.0,0.0,0.0,0.0,0.0,0.0,0.0,0.0,0.0,0.0,0.03058002267176229,0.0,0.03654274484982353,0.0,0.0,0.0,0.0,0.0263494039592361,0.03654274484982353,0.03058002267176229,0.07308548969964707,0.07308548969964707,0.03654274484982353,0.02038668178117486,0.023067881145791842,0.046135762291583685,0.0,0.0263494039592361,0.03654274484982353,0.0526988079184722,0.0,0.0,0.0,0.0,0.0,0.0,0.0,0.0,0.0,0.0,0.0,0.0,0.0,0.0,0.0,0.0,0.0,0.0,0.0,0.0,0.0,0.0,0.0,0.0,0.0,0.0,0.0,0.0,0.0,0.0,0.0,0.0,0.0,0.0,0.0,0.0,0.0,0.0,0.0,0.0,0.0,0.0,0.0,0.0,0.0,0.0,0.0,0.0,0.0,0.0,0.0,0.0,0.0,0.0,0.0,0.0,0.0,0.0,0.0,0.0,0.0,0.0,0.0,0.0,0.0,0.0,0.0,0.0,0.0,0.0,0.0,0.0,0.0,0.0,0.0,0.0,0.0,0.0,0.0,0.0,0.0,0.0,0.0,0.0,0.0,0.0,0.0,0.0,0.0,0.0,0.0,0.0,0.0,0.0,0.0,0.0,0.0,0.0,0.0,0.0,0.0,0.0,0.0,0.0,0.0,0.0,0.0,0.0,0.0,0.0,0.0,0.0,0.0,0.0,0.0,0.0,0.0,0.0,0.0,0.0,0.0,0.0,0.0,0.0,0.0,0.0,0.0,0.0,0.0,0.0,0.0,0.0,0.0,0.0,0.0,0.0,0.0,0.0,0.0,0.0,0.0,0.0,0.0,0.0,0.0,0.0,0.0,0.0,0.0,0.0,0.0,0.0,0.0,0.0,0.0,0.0,0.0,0.0,0.0,0.0,0.0,0.0,0.0,0.0,0.0,0.0,0.0,0.0,0.0,0.0,0.0,0.0,0.0,0.0,0.0,0.0,0.0,0.0,0.0,0.0,0.0,0.0,0.0,0.0,0.0,0.0,0.0,0.0,0.0,0.0,0.0,0.0,0.0,0.0,0.0,0.0,0.0,0.0,0.0,0.0,0.0,0.0,0.0,0.0,0.0,0.0,0.0,0.0,0.0,0.0,0.0,0.0,0.0,0.0,0.0,0.0,0.0,0.0,0.0,0.0,0.0,0.0,0.0,0.0,0.0,0.0,0.0,0.0,0.0,0.0,0.0,0.0,0.0,0.0,0.0,0.0,0.0,0.0,0.0,0.0,0.0,0.0,0.0,0.0,0.0,0.0,0.0,0.0,0.0,0.0,0.0,0.0,0.0,0.0,0.0,0.0,0.0,0.0,0.0,0.0,0.0,0.0,0.0
C7-article07.txt,0.0,0.0,0.0,0.16479184330021646,0.0,0.0,0.0,0.0,0.0,0.0,0.0,0.0,0.0,0.0,0.0,0.0,0.0,0.0,0.0,0.0,0.0,0.0,0.0,0.0,0.0,0.0,0.0,0.0,0.0,0.0,0.0,0.0,0.0,0.0,0.0,0.0,0.0,0.0,0.0,0.0,0.0,0.0,0.0,0.0,0.0,0.0,0.0,0.0,0.0,0.0,0.0,0.0,0.0,0.0,0.0,0.0,0.0,0.0,0.0,0.0,0.0,0.0,0.0,0.0,0.0,0.0,0.0,0.0,0.0,0.0,0.0,0.0,0.0,0.0,0.0,0.0,0.0,0.0,0.0,0.0,0.044793986730701375,0.10986122886681099,0.0,0.0,0.0,0.0,0.0,0.0,0.0,0.0,0.030803592032315807,0.054930614433405495,0.0,0.0,0.0,0.0,0.0,0.0,0.11764619384353839,0.1922571505169192,0.0,0.0,0.0,0.06212266624470001,0.0,0.0,0.0,0.0,0.0,0.0,0.0,0.0,0.0,0.0,0.0,0.0,0.0,0.0,0.0,0.0,0.0,0.0,0.043773436867695,0.0,0.0,0.0,0.06212266624470001,0.0,0.0,0.0,0.0,0.0,0.0,0.12424533248940002,0.0,0.0,0.06212266624470001,0.0,0.0,0.0,0.0,0.0,0.0,0.1039720770839918,0.0,0.0,0.0,0.0,0.0,0.0,0.0,0.0,0.0,0.0,0.0,0.0,0.0,0.0,0.0,0.0,0.0,0.0,0.0,0.0,0.0,0.0,0.0,0.0,0.0,0.0,0.0,0.0,0.0,0.0,0.0,0.0,0.0,0.0,0.0,0.0,0.0,0.0,0.0,0.0,0.0,0.0,0.0,0.0,0.0,0.0,0.0,0.0,0.0,0.0,0.0,0.0,0.06212266624470001,0.0,0.0,0.0,0.0,0.0,0.0,0.0,0.0,0.0,0.0,0.0,0.0,0.0,0.0,0.0,0.0,0.0,0.0,0.0,0.0,0.0,0.1039720770839918,0.0,0.0,0.0,0.0,0.0,0.027465307216702747,0.0,0.0,0.0,0.0,0.0,0.0,0.0,0.0,0.0,0.0,0.0,0.0,0.0,0.0,0.0,0.0,0.0,0.0,0.0,0.0,0.0,0.0,0.0,0.0,0.0,0.0,0.0,0.0,0.0,0.0,0.0,0.0,0.0,0.0,0.030803592032315807,0.0,0.0519860385419959,0.0,0.0,0.0,0.0,0.0,0.0,0.0,0.0,0.0,0.0,0.0,0.0,0.0,0.0,0.0,0.0,0.0,0.0,0.0,0.0,0.0,0.0,0.0,0.0,0.0,0.0519860385419959,0.0,0.0,0.0,0.0,0.0,0.0,0.0,0.0,0.0,0.0,0.0,0.0,0.0,0.0,0.0,0.0,0.0,0.0,0.0,0.0,0.0,0.0,0.0,0.0,0.0,0.044793986730701375,0.06212266624470001,0.0,0.0,0.0,0.0,0.03465735902799726,0.0,0.0,0.0,0.0,0.0,0.044793986730701375,0.06212266624470001,0.0519860385419959,0.0519860385419959,0.0519860385419959,0.044793986730701375,0.06212266624470001,0.0,0.0,0.0,0.0,0.0,0.0,0.0,0.0,0.0,0.0,0.0,0.0,0.0,0.0,0.0,0.0,0.0,0.0,0.0,0.0,0.0,0.0,0.0,0.0,0.0,0.0,0.0,0.0,0.0,0.0,0.0,0.0,0.0,0.0,0.0,0.0,0.0,0.0,0.0,0.0,0.0,0.0,0.0,0.0,0.0,0.0,0.0,0.0,0.0,0.0,0.0,0.0,0.0,0.0,0.0,0.0,0.0,0.0,0.0,0.0,0.0,0.0,0.0,0.0,0.0,0.0,0.0,0.0,0.0,0.0,0.0,0.0,0.0,0.0,0.0,0.0,0.0,0.0,0.0,0.0,0.0,0.0,0.0,0.0,0.0,0.0,0.0,0.0,0.0,0.0,0.0,0.0,0.0,0.0,0.0,0.0,0.0,0.0,0.0,0.0,0.0,0.0,0.0,0.0,0.0,0.0,0.0,0.0,0.0,0.0,0.0,0.0,0.0,0.0,0.0,0.0,0.0,0.0,0.0,0.0,0.0,0.0,0.0,0.0,0.0,0.0,0.0,0.0,0.0,0.0,0.0,0.0,0.0,0.0,0.0,0.0,0.0,0.0,0.0,0.0,0.0,0.0,0.0,0.0,0.0,0.0,0.0,0.0,0.0,0.0,0.0,0.0,0.0,0.0,0.0,0.0,0.0,0.0,0.0,0.0,0.0,0.0,0.0,0.0,0.0,0.0,0.0,0.0,0.0,0.0,0.0,0.0,0.0,0.0,0.0,0.0,0.0,0.0,0.0,0.0,0.0,0.0,0.0,0.0,0.0,0.0,0.0,0.0,0.0,0.0,0.0,0.0,0.0,0.0,0.0,0.0,0.0,0.0,0.0,0.0,0.0,0.0,0.0,0.0,0.0,0.0,0.0,0.0,0.0,0.0,0.0,0.0,0.0,0.0,0.0,0.0,0.0,0.0,0.0,0.0,0.0,0.0,0.0,0.0,0.0,0.0,0.0,0.0,0.0,0.0,0.0,0.0,0.0,0.0,0.0,0.0,0.0,0.0,0.0,0.0,0.0,0.0,0.0,0.0,0.0,0.0,0.0,0.0,0.0,0.0,0.0,0.0,0.0,0.0,0.0,0.0,0.0
C7-article03.txt,0.024849066497880004,0.0,0.0,0.054930614433405495,0.0358351893845611,0.0,0.0,0.0,0.04158883083359671,0.0,0.01791759469228055,0.031372318358276904,0.0,0.0,0.0,0.0,0.0,0.04158883083359671,0.020794415416798356,0.0,0.0,0.020794415416798356,0.020794415416798356,0.0,0.0,0.024849066497880004,0.0,0.020794415416798356,0.0,0.0,0.01791759469228055,0.0,0.0,0.0,0.0,0.0,0.0,0.0,0.0,0.0,0.0,0.0,0.0,0.0,0.0,0.012321436812926323,0.0,0.020794415416798356,0.0,0.0,0.0,0.0,0.024849066497880004,0.0,0.0,0.0,0.0,0.0,0.0,0.0,0.0,0.0,0.020794415416798356,0.029424877590351783,0.0,0.0,0.0,0.0,0.012321436812926323,0.024849066497880004,0.0,0.0,0.0,0.0,0.0,0.0,0.013862943611198907,0.04158883083359671,0.0,0.0,0.0,0.07690286020676769,0.0,0.020794415416798356,0.0,0.0,0.0,0.0,0.0,0.024849066497880004,0.0,0.010986122886681098,0.0,0.0,0.0,0.0,0.0,0.0,0.0,0.09887510598012987,0.0,0.0,0.0,0.0,0.0,0.0,0.0,0.0,0.015686159179138452,0.00780158557549575,0.0,0.0,0.0,0.031372318358276904,0.0,0.0,0.0,0.0,0.0,0.0358351893845611,0.0,0.0,0.0,0.0,0.0,0.0,0.0,0.0,0.0,0.0,0.0,0.0,0.0,0.0,0.0,0.0,0.0,0.0,0.0,0.0,0.0,0.0,0.0,0.0,0.0,0.0,0.0,0.0,0.0,0.024849066497880004,0.0,0.0,0.0,0.0,0.0,0.0,0.0,0.0,0.0,0.0,0.0,0.0,0.0,0.0,0.0,0.0,0.0,0.0,0.020794415416798356,0.0,0.0,0.0,0.0,0.0,0.0,0.0,0.0,0.0,0.0,0.0,0.0,0.0,0.0,0.0,0.0,0.0,0.0,0.0,0.0,0.0,0.0,0.0,0.0,0.05375278407684165,0.0,0.01791759469228055,0.0,0.0,0.0,0.0,0.0,0.0,0.0,0.0,0.0,0.0,0.0,0.0,0.0,0.0,0.0,0.01791759469228055,0.04158883083359671,0.0,0.0,0.0,0.0,0.0,0.0,0.0,0.0,0.0,0.0,0.012321436812926323,0.0,0.0,0.0,0.0,0.0,0.013862943611198907,0.0,0.0,0.0,0.0,0.0,0.0,0.0,0.0,0.0,0.0,0.0,0.0,0.0,0.0,0.012321436812926323,0.0,0.0,0.0,0.0,0.0,0.0,0.009808292530117262,0.0,0.0,0.0,0.01791759469228055,0.0,0.0,0.0,0.0,0.0,0.0,0.0,0.0,0.0,0.0,0.0,0.0,0.0,0.0,0.0,0.0,0.0,0.0,0.012262089457728179,0.0,0.0,0.0,0.0,0.0,0.0,0.0,0.0,0.0,0.0,0.0,0.0,0.0,0.0,0.0,0.0,0.0,0.0,0.0,0.0,0.0,0.0,0.0,0.0,0.0,0.0,0.0,0.020794415416798356,0.0,0.0,0.0,0.0,0.020794415416798356,0.0,0.0,0.0,0.0,0.0,0.0,0.0,0.0,0.0,0.0,0.0,0.013862943611198907,0.0,0.0,0.0,0.0,0.0,0.0,0.0,0.0,0.0,0.0,0.0,0.0,0.024849066497880004,0.024849066497880004,0.013862943611198907,0.020794415416798356,0.020794415416798356,0.024849066497880004,0.020794415416798356,0.024849066497880004,0.024849066497880004,0.024849066497880004,0.024849066497880004,0.024849066497880004,0.024849066497880004,0.020794415416798356,0.020794415416798356,0.020794415416798356,0.024849066497880004,0.0,0.0,0.0,0.0,0.0,0.0,0.0,0.0,0.0,0.0,0.0,0.0,0.0,0.0,0.0,0.0,0.0,0.0,0.0,0.0,0.0,0.0,0.0,0.0,0.0,0.0,0.0,0.0,0.0,0.0,0.0,0.0,0.0,0.0,0.0,0.0,0.0,0.0,0.0,0.0,0.0,0.0,0.0,0.0,0.0,0.0,0.0,0.0,0.0,0.0,0.0,0.0,0.0,0.0,0.0,0.0,0.0,0.0,0.0,0.0,0.0,0.0,0.0,0.0,0.0,0.0,0.0,0.0,0.0,0.0,0.0,0.0,0.0,0.0,0.0,0.0,0.0,0.0,0.0,0.0,0.0,0.0,0.0,0.0,0.0,0.0,0.0,0.0,0.0,0.0,0.0,0.0,0.0,0.0,0.0,0.0,0.0,0.0,0.0,0.0,0.0,0.0,0.0,0.0,0.0,0.0,0.0,0.0,0.0,0.0,0.0,0.0,0.0,0.0,0.0,0.0,0.0,0.0,0.0,0.0,0.0,0.0,0.0,0.0,0.0,0.0,0.0,0.0,0.0,0.0,0.0,0.0,0.0,0.0,0.0,0.0,0.0,0.0,0.0,0.0,0.0,0.0,0.0,0.0,0.0,0.0,0.0,0.0,0.0,0.0,0.0,0.0,0.0,0.0,0.0,0.0,0.0,0.0,0.0,0.0,0.0,0.0,0.0,0.0,0.0,0.0,0.0,0.0,0.0,0.0,0.0,0.0,0.0,0.0,0.0,0.0,0.0,0.0,0.0,0.0,0.0,0.0,0.0,0.0,0.0,0.0,0.0,0.0,0.0,0.0,0.0,0.0,0.0,0.0,0.0,0.0,0.0,0.0,0.0,0.0,0.0,0.0,0.0,0.0,0.0,0.0,0.0,0.0,0.0,0.0,0.0,0.0,0.0,0.0,0.0,0.0,0.0,0.0,0.0,0.0,0.0,0.0,0.0,0.0,0.0,0.0,0.0,0.0,0.0,0.0,0.0,0.0,0.0,0.0,0.0,0.0,0.0,0.0,0.0,0.0
C7-article02.txt,0.0,0.0,0.02535904319121751,0.026795421674831947,0.0,0.0,0.0,0.0,0.06762411517658003,0.0,0.021850725234488475,0.01912946241358348,0.0,0.010676448016510975,0.0,0.0,0.0,0.0,0.10143617276487003,0.0,0.0,0.0,0.0,0.0,0.0,0.0,0.0,0.0,0.0,0.0,0.0,0.0,0.0,0.0,0.016906028794145007,0.0,0.0,0.03825892482716696,0.0,0.0,0.0,0.0,0.0,0.02535904319121751,0.0,0.0,0.01196133235380154,0.0,0.0,0.0,0.021850725234488475,0.0,0.0,0.0,0.0,0.0,0.0,0.0,0.0,0.0,0.0,0.0,0.0,0.01196133235380154,0.0,0.03030373963156098,0.0,0.0,0.0,0.0,0.0,0.010676448016510975,0.0,0.0,0.0,0.0,0.016906028794145007,0.016906028794145007,0.0,0.0,0.0,0.13397710837415971,0.0,0.0,0.0,0.0,0.0,0.0,0.0,0.0,0.0,0.013397710837415974,0.0,0.0,0.0,0.0,0.0,0.0,0.0,0.053590843349663894,0.0,0.0,0.0,0.0,0.0,0.0,0.0,0.0,0.01912946241358348,0.0,0.016906028794145007,0.0,0.0,0.0,0.0,0.0,0.021850725234488475,0.021850725234488475,0.0,0.0,0.0,0.0,0.0,0.0,0.0,0.0,0.0,0.0,0.0,0.0,0.0,0.0,0.0,0.0,0.0,0.0,0.0,0.0,0.0,0.021850725234488475,0.0,0.0,0.0,0.0,0.0,0.0,0.0,0.0,0.0,0.0,0.0,0.0,0.0,0.0,0.0,0.0,0.0,0.021850725234488475,0.0,0.0,0.0,0.0,0.0,0.0,0.0,0.0,0.0,0.0,0.0,0.0,0.0,0.0,0.0,0.0,0.0,0.0,0.0,0.0,0.0,0.0,0.07607712957365252,0.0,0.0,0.04370145046897695,0.03030373963156098,0.0,0.0,0.0,0.0,0.0,0.0,0.013397710837415974,0.0,0.021850725234488475,0.0,0.0,0.0,0.0,0.0,0.0,0.0,0.0,0.0,0.0,0.0,0.0,0.0,0.0,0.0,0.0,0.0,0.0,0.0,0.0,0.0,0.0,0.0,0.0,0.0,0.0,0.0,0.0,0.0,0.0,0.026795421674831947,0.0,0.0,0.0,0.0,0.03381205758829001,0.0,0.016906028794145007,0.0,0.0,0.0,0.0,0.0,0.0,0.0,0.0,0.0,0.0,0.0,0.0,0.0,0.0,0.0,0.0,0.0,0.0,0.0,0.0,0.0,0.0,0.0,0.0,0.0,0.0,0.0,0.0,0.0,0.0,0.0,0.0,0.0,0.0,0.0,0.0,0.0,0.0,0.0,0.0,0.0,0.0,0.007476883815687914,0.0,0.0,0.0,0.0,0.0,0.0,0.0,0.0,0.0,0.0,0.0,0.0,0.0,0.0,0.0,0.021850725234488475,0.021850725234488475,0.05071808638243502,0.0,0.0,0.0,0.0,0.0,0.0,0.0,0.0,0.0,0.0,0.0,0.0,0.0,0.0,0.0,0.0,0.0,0.0,0.0,0.0,0.0,0.0,0.0,0.0,0.0,0.0,0.0,0.0,0.0,0.0,0.0,0.0,0.0,0.0,0.02535904319121751,0.0,0.0,0.0,0.03030373963156098,0.0,0.0,0.0,0.0,0.0,0.0,0.0,0.0,0.0,0.0,0.0,0.0,0.0,0.02535904319121751,0.0,0.0,0.0,0.02535904319121751,0.021850725234488475,0.04370145046897695,0.03030373963156098,0.03030373963156098,0.021850725234488475,0.01912946241358348,0.07607712957365252,0.03030373963156098,0.03030373963156098,0.04370145046897695,0.03030373963156098,0.03030373963156098,0.02535904319121751,0.02535904319121751,0.02535904319121751,0.03030373963156098,0.0,0.0,0.0,0.0,0.0,0.0,0.0,0.0,0.0,0.0,0.0,0.0,0.0,0.0,0.0,0.0,0.0,0.0,0.0,0.0,0.0,0.0,0.0,0.0,0.0,0.0,0.0,0.0,0.0,0.0,0.0,0.0,0.0,0.0,0.0,0.0,0.0,0.0,0.0,0.0,0.0,0.0,0.0,0.0,0.0,0.0,0.0,0.0,0.0,0.0,0.0,0.0,0.0,0.0,0.0,0.0,0.0,0.0,0.0,0.0,0.0,0.0,0.0,0.0,0.0,0.0,0.0,0.0,0.0,0.0,0.0,0.0,0.0,0.0,0.0,0.0,0.0,0.0,0.0,0.0,0.0,0.0,0.0,0.0,0.0,0.0,0.0,0.0,0.0,0.0,0.0,0.0,0.0,0.0,0.0,0.0,0.0,0.0,0.0,0.0,0.0,0.0,0.0,0.0,0.0,0.0,0.0,0.0,0.0,0.0,0.0,0.0,0.0,0.0,0.0,0.0,0.0,0.0,0.0,0.0,0.0,0.0,0.0,0.0,0.0,0.0,0.0,0.0,0.0,0.0,0.0,0.0,0.0,0.0,0.0,0.0,0.0,0.0,0.0,0.0,0.0,0.0,0.0,0.0,0.0,0.0,0.0,0.0,0.0,0.0,0.0,0.0,0.0,0.0,0.0,0.0,0.0,0.0,0.0,0.0,0.0,0.0,0.0,0.0,0.0,0.0,0.0,0.0,0.0,0.0,0.0,0.0,0.0,0.0,0.0,0.0,0.0,0.0,0.0,0.0,0.0,0.0,0.0,0.0,0.0,0.0,0.0,0.0,0.0,0.0,0.0,0.0,0.0,0.0,0.0,0.0,0.0,0.0,0.0,0.0,0.0,0.0,0.0,0.0,0.0,0.0,0.0,0.0,0.0,0.0,0.0,0.0,0.0,0.0,0.0,0.0,0.0,0.0,0.0,0.0,0.0,0.0,0.0
C7-article01.txt,0.0,0.0,0.0,0.05870447344028067,0.01367755320021416,0.0,0.0,0.0,0.0,0.0,0.0,0.0,0.0,0.0,0.0,0.0,0.0,0.0,0.0,0.0,0.0,0.0,0.0,0.0,0.0,0.0,0.0,0.0,0.0,0.0,0.0,0.03174719910961581,0.0,0.0,0.010582399703205271,0.0,0.0,0.0,0.015873599554807907,0.0,0.0,0.01367755320021416,0.0,0.0,0.0,0.0,0.0,0.0,0.0,0.05690625915545039,0.0,0.0,0.0,0.0,0.0,0.0,0.0,0.0,0.0,0.0,0.0,0.0,0.0,0.0,0.0,0.0,0.011974167312319428,0.0,0.0,0.0,0.0,0.006682967460716793,0.0,0.0,0.0,0.13171584043551374,0.021164799406410542,0.0,0.0,0.0,0.0,0.10902259353194982,0.0,0.0,0.01367755320021416,0.0,0.0,0.0,0.0,0.0,0.018811353912864613,0.0,0.0,0.0,0.0,0.0,0.0,0.0,0.023948334624638856,0.1341816535777844,0.0,0.0,0.0,0.0,0.03793750610363359,0.018968753051816795,0.0,0.0,0.0,0.0,0.010582399703205271,0.0,0.0,0.0,0.0,0.0,0.0,0.0,0.0,0.0,0.0,0.0,0.020048902382150378,0.011974167312319428,0.0,0.0,0.0,0.0,0.0,0.0,0.0,0.0,0.0,0.0,0.0,0.023948334624638856,0.0,0.0,0.0,0.01367755320021416,0.0,0.0,0.0,0.0,0.0,0.0,0.0,0.0,0.0,0.0,0.0,0.018968753051816795,0.0,0.01367755320021416,0.0,0.0,0.0,0.0,0.007487246206196383,0.0,0.0,0.0,0.0,0.018968753051816795,0.018968753051816795,0.0,0.015873599554807907,0.03174719910961581,0.0,0.007487246206196383,0.03174719910961581,0.0,0.0,0.0,0.0,0.007487246206196383,0.0,0.0,0.0,0.0,0.0,0.0,0.0,0.0,0.0,0.0,0.0,0.015873599554807907,0.0,0.0,0.0,0.008386353348611524,0.0,0.0,0.0,0.0,0.0,0.0,0.015873599554807907,0.0,0.0,0.0,0.0,0.0,0.0,0.0,0.0,0.0,0.0,0.0,0.0,0.05471021280085664,0.021164799406410542,0.0,0.0,0.0,0.018968753051816795,0.0,0.0,0.0,0.015873599554807907,0.0,0.0,0.0,0.0335454133944461,0.0,0.0,0.0,0.0,0.010582399703205271,0.0,0.0,0.0,0.0,0.0,0.0,0.0,0.07587501220726718,0.0,0.0,0.05690625915545039,0.015873599554807907,0.0,0.0,0.0,0.0,0.0,0.0,0.0,0.0,0.0,0.0,0.0,0.0,0.0,0.0,0.0,0.0,0.0,0.0,0.0,0.015873599554807907,0.0,0.0,0.0,0.0,0.0,0.0,0.0,0.0,0.0,0.0,0.0,0.0,0.004680186815926786,0.018968753051816795,0.0,0.0,0.0,0.0,0.0,0.0,0.0,0.0,0.0,0.0,0.0,0.0,0.0,0.0,0.0,0.0,0.0,0.0,0.0,0.0,0.0,0.0,0.0,0.0,0.0,0.0,0.0,0.0,0.0,0.0,0.0,0.0,0.0,0.0,0.0,0.0,0.0,0.0,0.0,0.015873599554807907,0.0,0.0,0.0,0.0,0.0,0.05987083656159715,0.0,0.01367755320021416,0.0,0.02735510640042832,0.03793750610363359,0.0,0.0,0.0,0.01367755320021416,0.0,0.0,0.0,0.0,0.0,0.0,0.0,0.0,0.0,0.0,0.0,0.0,0.0,0.0,0.0,0.0,0.0,0.0,0.0,0.0,0.0,0.0,0.0,0.01367755320021416,0.011974167312319428,0.0,0.0,0.0,0.0,0.0,0.0,0.0,0.0,0.0,0.0,0.0,0.008386353348611524,0.03793750610363359,0.008386353348611524,0.01367755320021416,0.02735510640042832,0.018968753051816795,0.03793750610363359,0.015873599554807907,0.018968753051816795,0.01367755320021416,0.018968753051816795,0.018968753051816795,0.018968753051816795,0.0,0.0,0.0,0.0,0.0,0.0,0.0,0.0,0.0,0.0,0.0,0.0,0.0,0.0,0.0,0.0,0.0,0.0,0.0,0.0,0.0,0.0,0.0,0.0,0.0,0.0,0.0,0.0,0.0,0.0,0.0,0.0,0.0,0.0,0.0,0.0,0.0,0.0,0.0,0.0,0.0,0.0,0.0,0.0,0.0,0.0,0.0,0.0,0.0,0.0,0.0,0.0,0.0,0.0,0.0,0.0,0.0,0.0,0.0,0.0,0.0,0.0,0.0,0.0,0.0,0.0,0.0,0.0,0.0,0.0,0.0,0.0,0.0,0.0,0.0,0.0,0.0,0.0,0.0,0.0,0.0,0.0,0.0,0.0,0.0,0.0,0.0,0.0,0.0,0.0,0.0,0.0,0.0,0.0,0.0,0.0,0.0,0.0,0.0,0.0,0.0,0.0,0.0,0.0,0.0,0.0,0.0,0.0,0.0,0.0,0.0,0.0,0.0,0.0,0.0,0.0,0.0,0.0,0.0,0.0,0.0,0.0,0.0,0.0,0.0,0.0,0.0,0.0,0.0,0.0,0.0,0.0,0.0,0.0,0.0,0.0,0.0,0.0,0.0,0.0,0.0,0.0,0.0,0.0,0.0,0.0,0.0,0.0,0.0,0.0,0.0,0.0,0.0,0.0,0.0,0.0,0.0,0.0,0.0,0.0,0.0,0.0,0.0,0.0,0.0,0.0,0.0,0.0,0.0,0.0,0.0,0.0,0.0,0.0,0.0,0.0,0.0,0.0,0.0,0.0,0.0,0.0,0.0,0.0,0.0,0.0,0.0,0.0,0.0,0.0,0.0,0.0,0.0,0.0,0.0,0.0,0.0,0.0,0.0,0.0,0.0,0.0,0.0,0.0,0.0,0.0,0.0,0.0,0.0
C1-article08.txt,0.0,0.0,0.0,0.0,0.0,0.0,0.0,0.0,0.0,0.0,0.0,0.0,0.0,0.011223958171203844,0.0,0.0,0.0,0.0,0.0,0.0,0.0,0.0,0.0,0.0,0.0,0.0,0.0,0.0,0.0,0.0,0.0,0.0,0.0,0.0,0.0,0.0,0.0,0.0,0.0,0.0,0.014084772931642432,0.0,0.0,0.0,0.0,0.0,0.0,0.0,0.0,0.0,0.0,0.0,0.0,0.0,0.0,0.0,0.0,0.0,0.0,0.0,0.0,0.0,0.0,0.012574734012970849,0.0,0.0,0.0,0.0,0.0,0.0,0.0,0.0,0.0,0.0,0.0,0.0,0.0,0.0,0.0,0.0,0.0,0.0,0.0,0.0,0.0,0.0,0.0,0.0,0.0,0.0,0.015796713862726054,0.0,0.017773004629742187,0.0,0.0,0.0,0.0,0.0,0.020110460486074937,0.0,0.0,0.0,0.0,0.0,0.0,0.0,0.0,0.0,0.020110460486074937,0.02000406557819423,0.017773004629742187,0.02665950694461328,0.0,0.0,0.0,0.0,0.0,0.0,0.0,0.0,0.0,0.0,0.0,0.0,0.0,0.0,0.0,0.0,0.022971275246513524,0.0,0.0,0.0,0.0,0.0,0.0,0.0,0.0,0.0,0.0,0.0,0.0,0.0,0.017773004629742187,0.0,0.0,0.0,0.0,0.031857777561384616,0.0,0.0,0.0,0.0,0.0,0.0,0.0,0.0,0.0,0.022971275246513524,0.0,0.02665950694461328,0.0,0.0,0.0,0.0,0.0,0.0,0.0,0.0,0.0,0.0,0.0,0.0,0.0,0.0,0.0,0.0,0.0,0.0,0.0,0.0,0.0,0.0,0.0,0.0,0.0,0.02665950694461328,0.0,0.0,0.0,0.0,0.0,0.0,0.0,0.0,0.0,0.0,0.0,0.0,0.0,0.0,0.0,0.0,0.0,0.0,0.0,0.0,0.0,0.0,0.0,0.0,0.0,0.0,0.0,0.0,0.0,0.0,0.0,0.0,0.0,0.0,0.0,0.0,0.0,0.0,0.0,0.0,0.0,0.0,0.0,0.017773004629742187,0.0,0.0,0.0,0.0,0.0,0.0,0.0,0.0,0.0,0.0,0.0,0.0,0.0,0.0,0.015796713862726054,0.0,0.0,0.0,0.0,0.0,0.0,0.012574734012970849,0.0,0.02665950694461328,0.0,0.0,0.0,0.0,0.0,0.0,0.0,0.0,0.0,0.0,0.0,0.0,0.0,0.0,0.0,0.0,0.0,0.0,0.0,0.02665950694461328,0.0,0.0,0.0,0.0,0.0,0.0,0.022971275246513524,0.0,0.0,0.0,0.0,0.0,0.0,0.0,0.0,0.0,0.0,0.0,0.0,0.0,0.0,0.0,0.0,0.0,0.0,0.0,0.0,0.0,0.0,0.0,0.0,0.035546009259484375,0.0,0.0,0.0,0.0,0.0,0.0,0.0,0.022971275246513524,0.0,0.0,0.0,0.0,0.0,0.0,0.040220920972149875,0.020110460486074937,0.0,0.0,0.0,0.0,0.0,0.0,0.0,0.02665950694461328,0.0,0.0,0.0,0.0,0.0,0.0,0.0,0.0,0.0,0.0,0.0,0.0,0.0,0.0,0.0,0.0,0.0,0.0,0.0,0.0,0.0,0.0,0.0,0.06371555512276923,0.0,0.0,0.0,0.031857777561384616,0.0,0.0,0.0,0.0,0.0,0.0,0.0,0.0,0.0,0.0,0.0,0.0,0.0,0.0,0.0,0.0,0.0,0.0,0.0,0.0,0.031857777561384616,0.0,0.0,0.035546009259484375,0.020110460486074937,0.014084772931642432,0.035546009259484375,0.02665950694461328,0.07109201851896875,0.02665950694461328,0.022971275246513524,0.031857777561384616,0.022971275246513524,0.07109201851896875,0.020110460486074937,0.031857777561384616,0.031857777561384616,0.031857777561384616,0.020110460486074937,0.02665950694461328,0.031857777561384616,0.031857777561384616,0.044895832684815375,0.022971275246513524,0.031857777561384616,0.02665950694461328,0.04594255049302705,0.0,0.0,0.0,0.0,0.0,0.0,0.0,0.0,0.0,0.0,0.0,0.0,0.0,0.0,0.0,0.0,0.0,0.0,0.0,0.0,0.0,0.0,0.0,0.0,0.0,0.0,0.0,0.0,0.0,0.0,0.0,0.0,0.0,0.0,0.0,0.0,0.0,0.0,0.0,0.0,0.0,0.0,0.0,0.0,0.0,0.0,0.0,0.0,0.0,0.0,0.0,0.0,0.0,0.0,0.0,0.0,0.0,0.0,0.0,0.0,0.0,0.0,0.0,0.0,0.0,0.0,0.0,0.0,0.0,0.0,0.0,0.0,0.0,0.0,0.0,0.0,0.0,0.0,0.0,0.0,0.0,0.0,0.0,0.0,0.0,0.0,0.0,0.0,0.0,0.0,0.0,0.0,0.0,0.0,0.0,0.0,0.0,0.0,0.0,0.0,0.0,0.0,0.0,0.0,0.0,0.0,0.0,0.0,0.0,0.0,0.0,0.0,0.0,0.0,0.0,0.0,0.0,0.0,0.0,0.0,0.0,0.0,0.0,0.0,0.0,0.0,0.0,0.0,0.0,0.0,0.0,0.0,0.0,0.0,0.0,0.0,0.0,0.0,0.0,0.0,0.0,0.0,0.0,0.0,0.0,0.0,0.0,0.0,0.0,0.0,0.0,0.0,0.0,0.0,0.0,0.0,0.0,0.0,0.0,0.0,0.0,0.0,0.0,0.0,0.0,0.0,0.0,0.0,0.0,0.0,0.0,0.0,0.0,0.0,0.0,0.0,0.0,0.0,0.0,0.0,0.0,0.0,0.0,0.0
C1-article05.txt,0.0,0.028520289416615368,0.0,0.0,0.0,0.0,0.0,0.0,0.0,0.0,0.0,0.0,0.0,0.0,0.0,0.0,0.0,0.0,0.0,0.0,0.0,0.0,0.0,0.0,0.0,0.0,0.0,0.0,0.0,0.0,0.0,0.0,0.0,0.0,0.0,0.0,0.0,0.0,0.0,0.0,0.0,0.0,0.0,0.0,0.0,0.0,0.01783325914566775,0.0,0.0,0.0,0.0,0.0,0.0,0.0,0.0,0.0,0.0,0.0,0.0,0.0,0.0,0.0,0.0,0.0,0.0,0.0,0.0,0.0,0.022402612387138768,0.0,0.0,0.0,0.0,0.0,0.0,0.0,0.0,0.0,0.0,0.0,0.0,0.0,0.0,0.0,0.0,0.0,0.0,0.0,0.0,0.0,0.0,0.0,0.0,0.0,0.0,0.0,0.0,0.0,0.0,0.0,0.0,0.0,0.0,0.0,0.0,0.0,0.0,0.0,0.0,0.014184701046355908,0.0,0.0,0.0,0.0,0.0,0.0,0.0,0.0,0.0,0.0,0.0,0.0,0.031835226812869086,0.0,0.0,0.0,0.0,0.0,0.0,0.0,0.0,0.0,0.028520289416615368,0.0,0.028520289416615368,0.0,0.0,0.0,0.0,0.0,0.0,0.028520289416615368,0.0,0.0,0.0,0.0,0.0,0.0,0.0,0.0,0.0,0.0,0.0,0.0,0.0,0.0,0.037808028030542465,0.0,0.01783325914566775,0.0,0.0,0.0,0.0,0.0,0.0,0.0,0.0,0.0,0.0,0.0,0.0,0.0,0.0,0.0,0.0,0.0,0.0,0.0,0.0,0.0,0.0,0.025205352020361647,0.04518012090523637,0.0,0.0,0.0,0.0,0.0,0.0,0.025205352020361647,0.0,0.0,0.0,0.0,0.0,0.0,0.0,0.2710807254314182,0.0,0.0,0.0,0.0,0.0,0.0,0.0,0.0,0.0,0.0,0.0,0.0,0.0,0.0,0.0,0.0,0.0,0.0,0.0,0.0,0.0,0.0,0.0,0.0,0.0,0.0,0.0,0.0,0.0,0.0,0.0,0.0,0.0,0.0,0.0,0.0,0.0,0.0,0.0,0.0,0.0,0.0,0.0,0.0,0.0,0.0,0.0,0.0,0.0,0.0,0.0,0.0,0.0,0.0,0.0,0.0,0.04518012090523637,0.0,0.0,0.09773233468516664,0.0,0.0672078371614163,0.0,0.0,0.0,0.0,0.0,0.0,0.0,0.0,0.0,0.0,0.0,0.0,0.037808028030542465,0.0,0.0,0.0,0.0,0.0,0.0,0.0,0.0,0.0,0.0,0.0,0.0,0.0,0.044805224774277536,0.0,0.0,0.0,0.0,0.0,0.0,0.0,0.0,0.0,0.0,0.0,0.0,0.0,0.0,0.0,0.0,0.0,0.0,0.0,0.0,0.037808028030542465,0.0,0.0,0.0,0.0,0.0,0.03257744489505554,0.0,0.0,0.0,0.0,0.0,0.0,0.0,0.0,0.0,0.0,0.0,0.0,0.0,0.0,0.0,0.0,0.0,0.0,0.0,0.0,0.0,0.0,0.07561605606108493,0.0,0.0,0.0,0.0,0.0,0.0,0.0,0.0,0.0,0.0,0.0,0.0,0.0,0.0,0.0,0.0,0.0,0.0,0.0,0.0,0.0,0.0,0.0,0.0,0.0,0.0,0.0,0.0,0.0,0.0,0.0,0.0,0.019974768884874722,0.0,0.0,0.0,0.0,0.0,0.0,0.0,0.0,0.0,0.0,0.0,0.0,0.0,0.09987384442437362,0.025205352020361647,0.0,0.05041070404072329,0.0,0.0,0.0,0.0,0.0,0.028520289416615368,0.0,0.0,0.0,0.0,0.0,0.0,0.0,0.09550568043860726,0.0,0.0,0.037808028030542465,0.0,0.0,0.0,0.037808028030542465,0.04518012090523637,0.06515488979011108,0.037808028030542465,0.04518012090523637,0.04518012090523637,0.028520289416615368,0.0,0.0,0.0,0.0,0.0,0.0,0.0,0.0,0.0,0.0,0.0,0.0,0.0,0.0,0.0,0.0,0.0,0.0,0.0,0.0,0.0,0.0,0.0,0.0,0.0,0.0,0.0,0.0,0.0,0.0,0.0,0.0,0.0,0.0,0.0,0.0,0.0,0.0,0.0,0.0,0.0,0.0,0.0,0.0,0.0,0.0,0.0,0.0,0.0,0.0,0.0,0.0,0.0,0.0,0.0,0.0,0.0,0.0,0.0,0.0,0.0,0.0,0.0,0.0,0.0,0.0,0.0,0.0,0.0,0.0,0.0,0.0,0.0,0.0,0.0,0.0,0.0,0.0,0.0,0.0,0.0,0.0,0.0,0.0,0.0,0.0,0.0,0.0,0.0,0.0,0.0,0.0,0.0,0.0,0.0,0.0,0.0,0.0,0.0,0.0,0.0,0.0,0.0,0.0,0.0,0.0,0.0,0.0,0.0,0.0,0.0,0.0,0.0,0.0,0.0,0.0,0.0,0.0,0.0,0.0,0.0,0.0,0.0,0.0,0.0,0.0,0.0,0.0,0.0,0.0,0.0,0.0,0.0,0.0,0.0,0.0,0.0,0.0,0.0,0.0,0.0,0.0,0.0,0.0,0.0,0.0,0.0,0.0,0.0,0.0,0.0,0.0,0.0,0.0,0.0,0.0,0.0,0.0,0.0,0.0,0.0,0.0,0.0,0.0,0.0,0.0,0.0,0.0,0.0,0.0,0.0,0.0,0.0,0.0,0.0
C1-article04.txt,0.0,0.0,0.0,0.0,0.0,0.0,0.0,0.0,0.0,0.0,0.0,0.0,0.0,0.0,0.0,0.0,0.0,0.0,0.0,0.0,0.0,0.0,0.0,0.0,0.0,0.0,0.0,0.0,0.0,0.0,0.0,0.0,0.0,0.0,0.0,0.0,0.0,0.0,0.0,0.0,0.0,0.0,0.0,0.0,0.0,0.0,0.0,0.0,0.0,0.0,0.0,0.0,0.0,0.0,0.0,0.0,0.0,0.0,0.0,0.0,0.0,0.0,0.0,0.0,0.0,0.0,0.0,0.0,0.0,0.0,0.0,0.024318576037608328,0.0,0.0,0.0,0.0,0.0,0.0,0.0,0.0,0.0,0.0,0.0,0.0,0.0,0.0,0.0577622650466621,0.0,0.0,0.0,0.0,0.0,0.0,0.0,0.0,0.0,0.0,0.0,0.0,0.0,0.0,0.0,0.0,0.0,0.0,0.0,0.0,0.0,0.0,0.02167107104304375,0.0,0.0,0.0,0.0,0.0,0.0,0.0,0.0,0.0,0.0,0.0,0.0,0.0,0.0,0.0,0.0,0.0,0.0,0.0,0.0,0.0,0.0,0.0,0.0,0.0,0.0,0.0,0.0,0.0,0.0,0.0,0.0,0.03850817669777474,0.0,0.0,0.0,0.0,0.0,0.0,0.0,0.0,0.0,0.0,0.0,0.0,0.0,0.0,0.0,0.0,0.0,0.0,0.0,0.0,0.0,0.0,0.0,0.0,0.0,0.0,0.0,0.0,0.0,0.0,0.0,0.0,0.0,0.0,0.0,0.0,0.0,0.0,0.0,0.0,0.0,0.0,0.0,0.06902518471633334,0.0,0.0,0.0,0.0,0.0,0.0,0.0,0.0,0.0,0.0,0.0,0.0,0.0,0.0,0.0,0.0,0.0,0.0,0.0,0.0,0.0,0.0,0.0,0.0,0.0,0.0,0.0,0.0,0.0,0.0,0.0,0.0,0.0,0.0,0.0,0.0,0.0,0.030517008018558604,0.0,0.0,0.0,0.0,0.0,0.0,0.0,0.0,0.0,0.0,0.0,0.0,0.0,0.0,0.0,0.0,0.0,0.0,0.0,0.0,0.0,0.0,0.0,0.0,0.0,0.06902518471633334,0.0,0.0,0.0,0.0,0.0,0.0,0.0,0.0,0.0,0.0,0.0,0.0,0.0,0.0,0.0,0.0,0.0,0.0,0.0,0.0,0.0,0.0,0.0,0.0,0.0,0.0,0.0,0.0,0.0,0.0,0.0,0.0,0.0,0.0,0.0,0.0,0.0,0.0,0.0,0.0,0.0,0.0,0.0,0.0,0.0,0.0,0.0,0.0,0.0,0.0,0.0,0.0,0.0,0.0,0.0,0.0,0.0,0.0,0.0,0.0,0.0,0.0,0.0,0.0,0.0577622650466621,0.0,0.0,0.0,0.03850817669777474,0.0,0.0,0.0,0.0,0.0,0.0,0.0,0.0,0.0,0.0,0.0,0.0,0.0,0.0,0.0,0.0,0.0,0.0,0.0,0.0,0.0,0.0,0.0,0.0,0.0,0.0,0.0,0.0,0.0,0.0,0.0,0.0,0.0,0.0,0.0,0.0,0.0,0.0,0.0,0.0,0.0,0.0,0.0,0.0,0.0,0.0,0.0,0.0,0.0,0.030517008018558604,0.0,0.0,0.0,0.0,0.0,0.0,0.0,0.0,0.0,0.0,0.0,0.0,0.0435726643864957,0.15258504009279303,0.0,0.1155245300933242,0.0,0.0,0.0,0.0,0.0,0.0,0.0,0.0,0.0,0.0,0.0,0.0,0.0,0.0,0.048637152075216655,0.0,0.0,0.0,0.0,0.0,0.0435726643864957,0.0,0.0,0.0,0.0,0.0,0.0,0.0,0.04977109636744597,0.20707555414900003,0.06902518471633334,0.0,0.0,0.0,0.0,0.0,0.0,0.0,0.0,0.0,0.0,0.0,0.0,0.0,0.0,0.0,0.0,0.0,0.0,0.0,0.0,0.0,0.0,0.0,0.0,0.0,0.0,0.0,0.0,0.0,0.0,0.0,0.0,0.0,0.0,0.0,0.0,0.0,0.0,0.0,0.0,0.0,0.0,0.0,0.0,0.0,0.0,0.0,0.0,0.0,0.0,0.0,0.0,0.0,0.0,0.0,0.0,0.0,0.0,0.0,0.0,0.0,0.0,0.0,0.0,0.0,0.0,0.0,0.0,0.0,0.0,0.0,0.0,0.0,0.0,0.0,0.0,0.0,0.0,0.0,0.0,0.0,0.0,0.0,0.0,0.0,0.0,0.0,0.0,0.0,0.0,0.0,0.0,0.0,0.0,0.0,0.0,0.0,0.0,0.0,0.0,0.0,0.0,0.0,0.0,0.0,0.0,0.0,0.0,0.0,0.0,0.0,0.0,0.0,0.0,0.0,0.0,0.0,0.0,0.0,0.0,0.0,0.0,0.0,0.0,0.0,0.0,0.0,0.0,0.0,0.0,0.0,0.0,0.0,0.0,0.0,0.0,0.0,0.0,0.0,0.0,0.0,0.0,0.0,0.0,0.0,0.0,0.0,0.0,0.0,0.0,0.0,0.0,0.0,0.0,0.0,0.0,0.0,0.0,0.0,0.0,0.0,0.0,0.0,0.0,0.0,0.0,0.0,0.0,0.0,0.0,0.0,0.0
C1-article06.txt,0.0,0.0,0.0,0.0,0.0,0.0,0.0,0.0,0.0,0.0,0.01628872244752777,0.004753381569435894,0.0,0.0,0.0,0.0,0.0,0.0,0.0,0.0,0.0,0.018904014015271232,0.0,0.0,0.0,0.0,0.0,0.0,0.005429574149175924,0.0,0.0,0.0,0.0,0.0,0.0,0.0,0.005429574149175924,0.004753381569435894,0.0,0.0,0.026633025179832966,0.0,0.0,0.0,0.0,0.0,0.0,0.0,0.015060040301745457,0.0,0.0,0.006301338005090412,0.0,0.0,0.0,0.006301338005090412,0.015060040301745457,0.0,0.0,0.004753381569435894,0.006301338005090412,0.0,0.0,0.0,0.0075300201508727285,0.0,0.0,0.0,0.0,0.0,0.0,0.0026529355677390905,0.0,0.0,0.0,0.0,0.0,0.0,0.0,0.004200892003393608,0.0,0.0,0.0,0.0,0.0,0.0,0.0,0.018668843655948973,0.0075300201508727285,0.0,0.0037337687311897946,0.0,0.0,0.0,0.0,0.0,0.0075300201508727285,0.0,0.0,0.0,0.0,0.0,0.0,0.0,0.0,0.0,0.0,0.0,0.0,0.009456467364237272,0.0,0.0,0.0,0.0,0.0,0.0,0.0,0.005429574149175924,0.022590060452618185,0.0,0.018904014015271232,0.0,0.0026529355677390905,0.0,0.0,0.0,0.0,0.0,0.0,0.0,0.0,0.0075300201508727285,0.0,0.0,0.0,0.009506763138871789,0.0,0.0,0.0,0.0,0.011201306193569384,0.0,0.0,0.0,0.0,0.0,0.006301338005090412,0.0,0.0,0.0,0.0075300201508727285,0.0,0.0,0.0,0.0,0.0,0.0,0.0,0.0029722098576112914,0.0,0.0,0.0,0.0,0.0,0.0,0.0,0.006301338005090412,0.006301338005090412,0.0,0.011888839430445166,0.037808028030542465,0.0,0.0,0.0,0.0,0.005944419715222583,0.0,0.0,0.012602676010180823,0.0,0.0,0.008401784006787216,0.0,0.0,0.0,0.0,0.0,0.0,0.0,0.004200892003393608,0.0,0.0033291281474791207,0.0,0.0,0.0,0.005429574149175924,0.0,0.0,0.0,0.0,0.0,0.0,0.0,0.0,0.0037337687311897946,0.0,0.0,0.06301338005090412,0.022590060452618185,0.0,0.0,0.0,0.004200892003393608,0.0,0.0,0.0,0.0,0.004753381569435894,0.0,0.0,0.0,0.0,0.0,0.0,0.0,0.0,0.0,0.0,0.0,0.0,0.0,0.0,0.0,0.0,0.0,0.015060040301745457,0.0,0.0,0.0,0.0,0.0,0.0,0.010859148298351847,0.0,0.007467537462379589,0.0,0.0,0.0,0.0,0.0,0.0,0.0,0.0,0.0,0.0,0.0,0.012602676010180823,0.0,0.0,0.0037337687311897946,0.0,0.0,0.0,0.0,0.0075300201508727285,0.015060040301745457,0.012602676010180823,0.0075300201508727285,0.0,0.0,0.005429574149175924,0.05041070404072329,0.0,0.0,0.001857892342080027,0.0,0.006301338005090412,0.0,0.0,0.0,0.0,0.0,0.004200892003393608,0.0,0.0,0.0,0.0,0.006301338005090412,0.012602676010180823,0.0,0.0,0.0,0.0,0.0,0.0,0.015060040301745457,0.0,0.0,0.0,0.0,0.0,0.0,0.0,0.0,0.0075300201508727285,0.0,0.0,0.0,0.0,0.0,0.005429574149175924,0.0,0.0,0.0,0.0,0.0,0.0,0.0,0.0075300201508727285,0.0,0.004753381569435894,0.0,0.0,0.005429574149175924,0.0,0.0,0.0,0.0,0.006301338005090412,0.0,0.0,0.0,0.0,0.0,0.004200892003393608,0.0,0.0,0.0,0.006301338005090412,0.0075300201508727285,0.0,0.0,0.0,0.0,0.0075300201508727285,0.0,0.0,0.0,0.0,0.0,0.005429574149175924,0.005429574149175924,0.0,0.0,0.0,0.0,0.0,0.0,0.0,0.0,0.0,0.0,0.0,0.0,0.0,0.0,0.028520289416615368,0.006658256294958241,0.0,0.0033291281474791207,0.0,0.0,0.0,0.0,0.0,0.0,0.005429574149175924,0.0,0.0,0.0,0.0,0.012602676010180823,0.03327367098605127,0.026633025179832966,0.0,0.0,0.0,0.0,0.005429574149175924,0.0,0.021718296596703695,0.012602676010180823,0.0,0.0,0.015060040301745457,0.0,0.009506763138871789,0.0,0.0,0.015060040301745457,0.013264677838695452,0.005429574149175924,0.0,0.0,0.010859148298351847,0.010859148298351847,0.009506763138871789,0.0,0.0,0.010859148298351847,0.0,0.0,0.0,0.004753381569435894,0.005429574149175924,0.0,0.0,0.0075300201508727285,0.0075300201508727285,0.012602676010180823,0.0,0.015060040301745457,0.0,0.0075300201508727285,0.0075300201508727285,0.0075300201508727285,0.030120080603490914,0.0075300201508727285,0.012602676010180823,0.006301338005090412,0.005429574149175924,0.0075300201508727285,0.004753381569435894,0.0075300201508727285,0.0075300201508727285,0.005429574149175924,0.0075300201508727285,0.0075300201508727285,0.015060040301745457,0.012602676010180823,0.0075300201508727285,0.006301338005090412,0.0075300201508727285,0.006301338005090412,0.0075300201508727285,0.006301338005090412,0.015060040301745457,0.0075300201508727285,0.0075300201508727285,0.006301338005090412,0.0075300201508727285,0.006301338005090412,0.005429574149175924,0.0075300201508727285,0.0075300201508727285,0.0075300201508727285,0.030120080603490914,0.0075300201508727285,0.005429574149175924,0.006301338005090412,0.0075300201508727285,0.0075300201508727285,0.0,0.0,0.0,0.0,0.0,0.0,0.0,0.0,0.0,0.0,0.0,0.0,0.0,0.0,0.0,0.0,0.0,0.0,0.0,0.0,0.0,0.0,0.0,0.0,0.0,0.0,0.0,0.0,0.0,0.0,0.0,0.0,0.0,0.0,0.0,0.0,0.0,0.0,0.0,0.0,0.0,0.0,0.0,0.0,0.0,0.0,0.0,0.0,0.0,0.0,0.0,0.0,0.0,0.0,0.0,0.0,0.0,0.0,0.0,0.0,0.0,0.0,0.0,0.0,0.0,0.0,0.0,0.0,0.0,0.0,0.0,0.0,0.0,0.0,0.0,0.0,0.0,0.0,0.0,0.0,0.0,0.0,0.0,0.0,0.0,0.0,0.0,0.0,0.0,0.0,0.0,0.0,0.0,0.0,0.0,0.0,0.0,0.0,0.0,0.0,0.0,0.0,0.0,0.0,0.0,0.0,0.0,0.0,0.0,0.0,0.0,0.0,0.0,0.0,0.0,0.0,0.0,0.0,0.0,0.0,0.0,0.0,0.0,0.0,0.0,0.0,0.0
C1-article07.txt,0.0,0.0,0.0,0.0,0.0,0.0,0.0,0.0,0.0,0.0,0.0,0.0,0.0,0.0,0.0,0.0,0.0,0.0,0.0,0.0,0.0,0.0,0.0,0.0,0.0,0.0,0.0,0.0,0.0,0.0,0.0,0.0,0.0,0.0,0.0,0.0,0.0,0.0,0.0,0.0,0.04394449154672439,0.0,0.0,0.0,0.0,0.0,0.0,0.0,0.0,0.0,0.0,0.0,0.0,0.0,0.0,0.0,0.0,0.0,0.0,0.0,0.0,0.0,0.0,0.0,0.0,0.0,0.0,0.0,0.0,0.0,0.0,0.0,0.0,0.0,0.0,0.0,0.0,0.0,0.0,0.0,0.0,0.0,0.0,0.0,0.0,0.0,0.0,0.0,0.0,0.0,0.0,0.0,0.0,0.0,0.0,0.0,0.0,0.0,0.0,0.0,0.0,0.0,0.0,0.0,0.0,0.0,0.0,0.0,0.0,0.0,0.0,0.0,0.0,0.0,0.0,0.0,0.0,0.0,0.0,0.0,0.0,0.0,0.0,0.0,0.0,0.0,0.0,0.0,0.0,0.0,0.0,0.0,0.0,0.0,0.0,0.0,0.0,0.0,0.0,0.0,0.0,0.0,0.0,0.0,0.0,0.0,0.0,0.0,0.0,0.0,0.0,0.0,0.0,0.0,0.0,0.0,0.0,0.0,0.0,0.0,0.0,0.0,0.0,0.0,0.0,0.0,0.0,0.0,0.0,0.0,0.0,0.0,0.0,0.0,0.0,0.0,0.0,0.0,0.0,0.0,0.0,0.0,0.0,0.0,0.0,0.0,0.0,0.0,0.0,0.0,0.0,0.0,0.0,0.0,0.04158883083359671,0.0,0.0,0.0,0.0,0.0,0.0,0.0,0.0,0.0,0.0,0.0,0.09939626599152002,0.0,0.0,0.0,0.0,0.0,0.0,0.0,0.0,0.0,0.0,0.031372318358276904,0.0,0.0,0.0,0.0,0.0,0.0,0.0,0.0,0.0,0.0,0.0,0.0,0.0,0.0,0.04969813299576001,0.0,0.0,0.0,0.0,0.0,0.0,0.0,0.0,0.0,0.0,0.0,0.0,0.0,0.0,0.0,0.0,0.0,0.0,0.0,0.0,0.0,0.0,0.0,0.0,0.0,0.0,0.0,0.0,0.0,0.04928574725170529,0.04158883083359671,0.0,0.0,0.0,0.0,0.0,0.0,0.0,0.0,0.0,0.0,0.0,0.0,0.0,0.0,0.0,0.0,0.0,0.0,0.0,0.0,0.0358351893845611,0.0,0.0,0.0,0.0,0.0,0.0,0.0,0.0,0.0,0.0,0.0,0.0,0.0,0.0,0.0,0.0,0.0,0.0,0.0,0.0,0.0,0.0,0.0,0.0,0.0,0.0,0.0,0.0,0.0,0.0,0.0,0.0,0.0,0.0,0.0,0.031372318358276904,0.031372318358276904,0.0,0.0,0.0,0.0,0.0,0.0,0.0,0.0,0.0,0.0,0.0,0.0,0.0,0.0,0.0,0.0,0.0,0.0,0.0,0.0,0.0,0.0,0.0,0.0,0.0,0.0,0.0,0.0,0.0,0.0,0.0,0.0,0.0,0.0,0.0,0.0,0.0,0.0,0.0,0.0,0.0,0.0,0.0,0.0,0.0,0.0,0.0,0.0,0.0358351893845611,0.0,0.0,0.0,0.0,0.0,0.0,0.0,0.0,0.0,0.0,0.027725887222397813,0.0,0.021972245773362195,0.0,0.0,0.0,0.0,0.0,0.0,0.0,0.027725887222397813,0.0,0.0,0.0,0.0,0.0,0.0,0.0,0.0,0.07003749898831199,0.0,0.0,0.0,0.0,0.0716703787691222,0.0,0.0,0.0,0.0,0.0,0.0,0.0,0.0,0.0,0.0,0.0,0.0,0.0,0.0,0.0,0.0,0.0,0.0,0.0,0.0,0.0,0.0,0.04158883083359671,0.0,0.0,0.0,0.0,0.0,0.04969813299576001,0.0,0.0,0.0,0.0,0.0,0.0,0.0,0.0,0.0,0.0,0.0,0.0,0.0,0.0,0.08317766166719343,0.0,0.0,0.0,0.0,0.0,0.0,0.0,0.0,0.0,0.04158883083359671,0.0,0.0,0.04969813299576001,0.0,0.04969813299576001,0.04969813299576001,0.09939626599152002,0.16635532333438685,0.04969813299576001,0.09939626599152002,0.0,0.0,0.0,0.0,0.0,0.0,0.0,0.0,0.0,0.0,0.0,0.0,0.0,0.0,0.0,0.0,0.0,0.0,0.0,0.0,0.0,0.0,0.0,0.0,0.0,0.0,0.0,0.0,0.0,0.0,0.0,0.0,0.0,0.0,0.0,0.0,0.0,0.0,0.0,0.0,0.0,0.0,0.0,0.0,0.0,0.0,0.0,0.0,0.0,0.0,0.0,0.0,0.0,0.0,0.0,0.0,0.0,0.0,0.0,0.0,0.0,0.0,0.0,0.0,0.0,0.0,0.0,0.0,0.0,0.0,0.0,0.0,0.0,0.0,0.0,0.0,0.0,0.0,0.0,0.0,0.0,0.0,0.0,0.0,0.0,0.0,0.0,0.0,0.0,0.0,0.0,0.0,0.0,0.0,0.0,0.0,0.0,0.0,0.0,0.0,0.0,0.0,0.0,0.0,0.0,0.0,0.0,0.0,0.0,0.0,0.0,0.0,0.0,0.0,0.0,0.0,0.0,0.0,0.0
C1-article03.txt,0.0,0.0,0.0,0.0,0.0,0.0,0.0,0.0,0.0,0.0,0.0,0.0,0.0,0.0,0.0,0.0,0.0,0.0,0.0,0.0,0.0,0.0,0.0,0.0,0.0,0.0,0.0,0.0,0.0,0.0,0.0,0.0,0.0,0.0,0.0,0.0,0.0,0.0,0.0,0.0,0.0,0.0,0.0,0.0,0.0,0.0,0.0,0.0,0.0,0.0,0.0,0.0,0.0,0.0,0.0,0.0,0.0,0.0,0.0,0.0,0.07296286111157319,0.0,0.0,0.0,0.0,0.0,0.0,0.0,0.021616555812151442,0.0,0.0,0.0,0.0,0.0,0.0,0.0,0.0,0.0,0.0,0.02432095370385773,0.0,0.0,0.0,0.0,0.0,0.0,0.0,0.0,0.0,0.0,0.0,0.0,0.0,0.0,0.0,0.0,0.0,0.043594853505052635,0.0,0.0,0.0,0.0,0.0,0.0,0.0,0.0,0.0,0.0,0.0,0.0,0.0,0.0,0.0,0.0,0.0,0.0,0.0,0.0,0.0,0.03143437665312377,0.0,0.0,0.0,0.0,0.06286875330624754,0.0,0.0,0.0,0.03143437665312377,0.0,0.0,0.0,0.0,0.0,0.0,0.0,0.0,0.0,0.0,0.0,0.0,0.0,0.0,0.0,0.0,0.0,0.0,0.0,0.0,0.0,0.0,0.0,0.0,0.06286875330624754,0.0,0.0,0.0,0.0,0.0,0.0,0.0,0.0,0.0,0.0,0.0,0.0,0.0,0.0,0.0,0.0,0.0,0.0,0.0,0.0,0.0,0.0,0.0,0.0,0.0,0.0,0.0,0.0,0.0,0.0,0.0,0.0,0.0,0.0,0.0,0.1702466759270041,0.0,0.0,0.0,0.0,0.0,0.0,0.0,0.0,0.0,0.0,0.0,0.0,0.0,0.0,0.0,0.0,0.0,0.0,0.0,0.0,0.0,0.0,0.0,0.0,0.0,0.0,0.0,0.0,0.03648143055578659,0.0,0.0,0.0,0.0,0.0,0.0,0.0,0.0,0.0,0.0,0.0,0.0,0.0,0.0,0.08255873252178132,0.0,0.0,0.0,0.0,0.0,0.0,0.0,0.0,0.0,0.0,0.0,0.0,0.0,0.0,0.0,0.0,0.0,0.017207530754591686,0.0,0.0,0.0,0.0,0.0,0.0,0.0,0.0,0.0,0.0,0.021616555812151442,0.0,0.0,0.0,0.0,0.0,0.0,0.0,0.0,0.0,0.0,0.03648143055578659,0.010756218822568577,0.0,0.0,0.0,0.0,0.0,0.0,0.0,0.0,0.0,0.0943031299593713,0.0,0.0,0.0,0.0,0.027519577507260442,0.0,0.0,0.0,0.0,0.0,0.0,0.0,0.0,0.07296286111157319,0.0,0.0,0.0,0.0,0.0,0.0,0.0,0.0,0.0,0.0,0.0,0.0,0.0,0.0,0.0,0.0,0.0,0.0,0.0,0.0,0.0,0.055039155014520884,0.0,0.0,0.0,0.0,0.0,0.0,0.0,0.0,0.0,0.0,0.0,0.0,0.0,0.0,0.0,0.0,0.0,0.0,0.0,0.0,0.0,0.0,0.0,0.0,0.0,0.0,0.0,0.0,0.0,0.0,0.0,0.0,0.0,0.0,0.0,0.0,0.0,0.0,0.03143437665312377,0.0,0.0,0.0,0.0,0.0,0.0,0.0,0.0,0.0,0.0,0.0,0.0,0.0,0.0,0.0,0.0,0.0,0.0,0.0,0.0,0.0,0.02432095370385773,0.027519577507260442,0.07709559920477962,0.02432095370385773,0.0,0.02432095370385773,0.0,0.0,0.0,0.0,0.02432095370385773,0.0,0.0,0.0,0.0,0.0,0.0,0.0,0.0,0.030718201310663152,0.0,0.0,0.03648143055578659,0.0,0.0,0.027519577507260442,0.0,0.08718970701010527,0.0,0.2553700138905061,0.0,0.0,0.0,0.0,0.0,0.0,0.0,0.0,0.0,0.0,0.0,0.0,0.0,0.0,0.0,0.0,0.0,0.0,0.03648143055578659,0.0,0.0,0.027519577507260442,0.043594853505052635,0.0,0.0,0.0,0.0,0.043594853505052635,0.0,0.0,0.0,0.0,0.0,0.0,0.0,0.0,0.0,0.043594853505052635,0.0,0.0,0.0,0.0,0.0,0.0,0.0,0.0,0.0,0.0,0.0,0.0,0.0,0.043594853505052635,0.0,0.08718970701010527,0.0,0.0,0.0,0.0,0.043594853505052635,0.03648143055578659,0.043594853505052635,0.0,0.0,0.0,0.0,0.0,0.0,0.0,0.0,0.0,0.0,0.0,0.0,0.0,0.0,0.0,0.0,0.0,0.0,0.0,0.0,0.0,0.0,0.0,0.0,0.0,0.0,0.0,0.0,0.0,0.0,0.0,0.0,0.0,0.0,0.0,0.0,0.0,0.0,0.0,0.0,0.0,0.0,0.0,0.0,0.0,0.0,0.0,0.0,0.0,0.0,0.0,0.0,0.0,0.0,0.0,0.0,0.0,0.0,0.0,0.0,0.0,0.0,0.0,0.0,0.0,0.0,0.0,0.0,0.0,0.0,0.0,0.0,0.0,0.0,0.0,0.0,0.0,0.0,0.0,0.0,0.0,0.0,0.0,0.0,0.0,0.0,0.0,0.0,0.0,0.0,0.0,0.0,0.0,0.0,0.0,0.0,0.0,0.0,0.0,0.0,0.0,0.0,0.0,0.0,0.0,0.0,0.0,0.0,0.0,0.0,0.0,0.0,0.0,0.0,0.0,0.0,0.0
C1-article02.txt,0.0,0.0,0.05092509897991434,0.0,0.0,0.007313303956032878,0.0,0.0,0.005658344331101595,0.0,0.0,0.0,0.0,0.0035733417851179588,0.0,0.0,0.0,0.0,0.0,0.0,0.0,0.0,0.0,0.0,0.0,0.0,0.0,0.0,0.0,0.0,0.0,0.0,0.0,0.007313303956032878,0.0,0.0,0.007313303956032878,0.0,0.0,0.0,0.01345239537144624,0.007313303956032878,0.02546254948995717,0.0,0.0,0.0,0.0,0.0,0.0,0.0,0.0,0.008487516496652392,0.0,0.0,0.0,0.0,0.0,0.0,0.0,0.019207541852006266,0.0,0.0,0.0,0.0,0.0,0.0,0.0,0.0,0.005029157882827071,0.0,0.0,0.0,0.008487516496652392,0.005658344331101595,0.0,0.0,0.0,0.0,0.010142476121583676,0.01131668866220319,0.007313303956032878,0.0,0.008487516496652392,0.0,0.0,0.0,0.016975032993304783,0.0,0.0,0.0,0.005029157882827071,0.0,0.0,0.006402513950668757,0.0,0.016975032993304783,0.0,0.0,0.0,0.0,0.014626607912065756,0.0,0.0,0.0,0.0,0.0,0.0,0.0,0.0,0.0,0.005658344331101595,0.0,0.0,0.0,0.008487516496652392,0.0,0.014626607912065756,0.0,0.0,0.0,0.0,0.0,0.0,0.0,0.0,0.007313303956032878,0.0,0.0,0.0,0.0,0.0,0.0,0.0,0.0,0.0,0.0,0.0,0.0,0.0,0.0,0.005029157882827071,0.0,0.016975032993304783,0.0,0.0,0.0,0.0,0.0,0.0,0.0,0.0,0.0,0.0,0.0,0.0,0.010142476121583676,0.0,0.007313303956032878,0.020016923530851553,0.008487516496652392,0.0,0.0,0.0,0.0,0.0,0.0,0.0,0.0,0.0,0.012010154118510932,0.0,0.0,0.0,0.0,0.0,0.020016923530851553,0.010142476121583676,0.007313303956032878,0.0,0.0,0.0,0.0,0.0,0.0,0.0,0.0,0.0,0.0,0.0,0.005658344331101595,0.0,0.004484131790482081,0.008487516496652392,0.0,0.0,0.0,0.0,0.0,0.0,0.0,0.010142476121583676,0.0,0.008487516496652392,0.0,0.005029157882827071,0.0,0.0,0.016975032993304783,0.0,0.0,0.007313303956032878,0.0,0.0,0.006402513950668757,0.0,0.0,0.0,0.025610055802675027,0.0,0.008487516496652392,0.0,0.0,0.007313303956032878,0.010058315765654142,0.004484131790482081,0.0,0.0,0.0,0.0,0.01131668866220319,0.010142476121583676,0.0,0.0,0.0,0.0,0.0,0.010142476121583676,0.0,0.0,0.0,0.0,0.0,0.0,0.0,0.025145789414135353,0.0,0.0,0.0,0.0,0.008487516496652392,0.0,0.012010154118510932,0.008487516496652392,0.008487516496652392,0.0,0.02193991186809863,0.0,0.014626607912065756,0.0,0.0,0.0,0.0,0.010058315765654142,0.0,0.0,0.0,0.0,0.0,0.0,0.0,0.0,0.0,0.0,0.0,0.010009868945084228,0.0,0.0,0.0,0.0,0.0,0.0,0.016975032993304783,0.02263337732440638,0.0,0.0,0.0,0.0,0.0,0.008487516496652392,0.006402513950668757,0.0,0.0,0.0,0.010142476121583676,0.0,0.0,0.0,0.0,0.0,0.0,0.0,0.0,0.0,0.0,0.0,0.0,0.0,0.0,0.0,0.0,0.0,0.0,0.0,0.0,0.0,0.0,0.0,0.0,0.0,0.0,0.0,0.0,0.005658344331101595,0.0,0.0,0.0,0.0,0.0,0.0,0.0,0.0,0.0,0.0,0.0,0.0,0.0,0.0,0.0,0.0,0.0,0.0,0.0,0.0,0.0,0.0,0.0,0.008487516496652392,0.0,0.010142476121583676,0.0,0.007313303956032878,0.0,0.0,0.0,0.0,0.0,0.0,0.0,0.0,0.0,0.0,0.0,0.0,0.0,0.0,0.0,0.019207541852006266,0.01345239537144624,0.0,0.008968263580964163,0.0,0.007313303956032878,0.0,0.010142476121583676,0.0,0.010142476121583676,0.007313303956032878,0.0,0.0,0.0,0.0,0.005658344331101595,0.025610055802675027,0.02690479074289248,0.0,0.0,0.0,0.0,0.007313303956032878,0.010142476121583676,0.0,0.01131668866220319,0.0,0.010142476121583676,0.0,0.0,0.012805027901337513,0.008487516496652392,0.0,0.0,0.01786670892558979,0.007313303956032878,0.010142476121583676,0.0,0.02193991186809863,0.0,0.0,0.008487516496652392,0.0,0.0,0.0,0.0,0.0,0.0,0.03656651978016438,0.0,0.010142476121583676,0.010142476121583676,0.010142476121583676,0.008487516496652392,0.008487516496652392,0.010142476121583676,0.008487516496652392,0.0,0.0,0.0,0.0,0.0,0.0,0.016975032993304783,0.0,0.0,0.006402513950668757,0.0,0.0,0.0,0.0,0.010142476121583676,0.0,0.008487516496652392,0.0,0.0,0.0,0.008487516496652392,0.0,0.008487516496652392,0.0,0.0,0.0,0.0,0.0,0.008487516496652392,0.0,0.0,0.0,0.0,0.0,0.010142476121583676,0.0,0.0,0.0,0.010142476121583676,0.0,0.0,0.0,0.0,0.0,0.1697503299330478,0.0,0.0,0.0,0.0,0.014626607912065756,0.0,0.0,0.020284952243167353,0.010142476121583676,0.020284952243167353,0.010142476121583676,0.020284952243167353,0.030427428364751024,0.010142476121583676,0.010142476121583676,0.010142476121583676,0.016975032993304783,0.008487516496652392,0.010142476121583676,0.010142476121583676,0.010142476121583676,0.010142476121583676,0.010142476121583676,0.010142476121583676,0.010142476121583676,0.010142476121583676,0.010142476121583676,0.0,0.0,0.0,0.0,0.0,0.0,0.0,0.0,0.0,0.0,0.0,0.0,0.0,0.0,0.0,0.0,0.0,0.0,0.0,0.0,0.0,0.0,0.0,0.0,0.0,0.0,0.0,0.0,0.0,0.0,0.0,0.0,0.0,0.0,0.0,0.0,0.0,0.0,0.0,0.0,0.0,0.0,0.0,0.0,0.0,0.0,0.0,0.0,0.0,0.0,0.0,0.0,0.0,0.0,0.0,0.0,0.0,0.0,0.0,0.0,0.0,0.0,0.0,0.0,0.0,0.0,0.0,0.0,0.0,0.0,0.0,0.0,0.0,0.0,0.0,0.0,0.0,0.0,0.0,0.0,0.0,0.0,0.0,0.0,0.0,0.0,0.0,0.0,0.0,0.0,0.0,0.0,0.0,0.0
C1-article01.txt,0.0,0.0,0.0,0.0,0.0,0.0,0.0,0.0,0.0,0.0,0.0,0.0,0.0,0.0,0.0,0.0,0.0,0.0,0.0,0.0,0.0,0.0,0.0,0.0,0.0,0.0,0.0,0.0,0.0,0.0,0.0,0.0,0.0,0.0,0.0,0.0,0.0,0.0,0.0,0.0,0.007791576515376665,0.0,0.0,0.0,0.0,0.0,0.013912471673925194,0.0,0.0,0.0,0.0,0.0,0.0,0.0,0.0,0.0,0.0,0.0,0.0,0.0,0.0,0.0,0.0,0.006956235836962597,0.0,0.0,0.0,0.0,0.0,0.0,0.0,0.0062089981372617006,0.0,0.0,0.0,0.0,0.0,0.009831874901559507,0.0,0.0,0.0,0.0,0.0,0.014747812352339261,0.0,0.01762345141693617,0.0,0.02621582300622622,0.0,0.0,0.0,0.0,0.0,0.0,0.0,0.009831874901559507,0.0,0.0,0.0,0.0,0.0,0.0,0.0,0.0,0.0,0.0,0.0,0.0,0.0,0.016599118245735636,0.0,0.0,0.0,0.0,0.0,0.0,0.0,0.0,0.0,0.012707513966156417,0.0,0.0,0.024835992549046802,0.011124935588041455,0.0,0.0,0.0,0.0,0.0,0.0,0.0,0.0,0.0,0.0,0.0,0.0,0.0,0.0,0.0,0.0,0.0,0.0,0.0,0.0,0.0,0.0,0.0,0.0,0.0,0.0,0.0,0.0,0.0,0.0,0.0,0.0,0.0,0.0,0.006956235836962597,0.0,0.0,0.014747812352339261,0.0,0.0,0.0,0.0,0.0,0.0,0.0,0.0,0.0,0.0,0.0,0.0,0.0,0.006956235836962597,0.0,0.012707513966156417,0.04424343705701778,0.0,0.0,0.0,0.0,0.0,0.0,0.0,0.0,0.0,0.0,0.0,0.0,0.0,0.014747812352339261,0.0,0.0,0.012707513966156417,0.0,0.0,0.0,0.0,0.0,0.011124935588041455,0.0,0.012707513966156417,0.03495443067496829,0.01762345141693617,0.0,0.0,0.0,0.0,0.0,0.0,0.0,0.0,0.01762345141693617,0.0,0.0,0.011124935588041455,0.0,0.0,0.0,0.01762345141693617,0.0,0.02621582300622622,0.0,0.0,0.0,0.0,0.0,0.0,0.0,0.0,0.0,0.011124935588041455,0.0,0.0,0.0,0.0,0.0,0.01762345141693617,0.0,0.0,0.0,0.0,0.0,0.0,0.0,0.0,0.0,0.0,0.0,0.0,0.0,0.0,0.0,0.0,0.0,0.0,0.01762345141693617,0.017477215337484146,0.0,0.0,0.0,0.0,0.0,0.0,0.0,0.0,0.0,0.0,0.0,0.0,0.0,0.0,0.0,0.0,0.0,0.0,0.0,0.0,0.0,0.009831874901559507,0.0,0.0,0.0,0.0,0.0,0.0,0.0,0.0,0.0,0.0,0.0,0.0,0.0,0.0,0.0,0.0,0.014747812352339261,0.0,0.0,0.0,0.0,0.0,0.0,0.019663749803119013,0.0,0.0,0.0,0.0,0.025415027932312834,0.0,0.0,0.0,0.0,0.0,0.0,0.0,0.0,0.0,0.0,0.0,0.0,0.0,0.052870354250808514,0.0,0.0,0.0,0.014747812352339261,0.0,0.0,0.0,0.0,0.0,0.009831874901559507,0.0,0.014747812352339261,0.0,0.0,0.0,0.0,0.0,0.0,0.0,0.0,0.0,0.0,0.014747812352339261,0.0,0.0,0.0,0.012707513966156417,0.0,0.0,0.0,0.0,0.0,0.0,0.0,0.0,0.0,0.0,0.014747812352339261,0.0,0.029495624704678522,0.0,0.07787454911629019,0.007791576515376665,0.0,0.01558315303075333,0.0,0.0,0.0,0.0,0.0,0.0,0.0,0.0,0.0,0.0,0.0,0.0,0.0,0.10908207121527332,0.06882312431091656,0.014747812352339261,0.009831874901559507,0.0,0.0,0.0,0.0,0.009831874901559507,0.0,0.0,0.0,0.01762345141693617,0.0,0.0,0.01762345141693617,0.0,0.031044990686308508,0.0,0.0,0.0,0.0,0.0,0.02224987117608291,0.014747812352339261,0.0,0.025415027932312834,0.0,0.01762345141693617,0.0,0.0,0.05083005586462567,0.07049380566774469,0.0,0.0,0.0,0.0,0.0,0.0,0.0,0.0,0.0,0.07049380566774469,0.03524690283387234,0.0,0.014747812352339261,0.0,0.0,0.0,0.02224987117608291,0.0,0.0,0.025415027932312834,0.01762345141693617,0.0,0.0,0.0,0.0,0.0,0.0,0.0,0.0,0.058991249409357044,0.0,0.01762345141693617,0.0,0.014747812352339261,0.0,0.0,0.0,0.0,0.0,0.01762345141693617,0.0,0.0,0.03812254189846925,0.0,0.0,0.0,0.0,0.0,0.0,0.0,0.03524690283387234,0.014747812352339261,0.0,0.0,0.0,0.0,0.0,0.0,0.0,0.0,0.0,0.0,0.0,0.01762345141693617,0.03524690283387234,0.0,0.0,0.0,0.029495624704678522,0.014747812352339261,0.0,0.0,0.01762345141693617,0.0,0.01762345141693617,0.01762345141693617,0.0,0.0,0.01762345141693617,0.01762345141693617,0.01762345141693617,0.01762345141693617,0.029495624704678522,0.01762345141693617,0.01762345141693617,0.0,0.0,0.0,0.0,0.0,0.0,0.0,0.0,0.0,0.0,0.0,0.0,0.0,0.0,0.0,0.0,0.0,0.0,0.0,0.0,0.0,0.0,0.0,0.0,0.0,0.0,0.0,0.0,0.0,0.0,0.0,0.0,0.0,0.0,0.0,0.0,0.0,0.0,0.0,0.0,0.0,0.0,0.0,0.0,0.0,0.0,0.0,0.0,0.0,0.0,0.0,0.0,0.0,0.0,0.0,0.0,0.0,0.0,0.0,0.0,0.0,0.0,0.0,0.0,0.0,0.0,0.0,0.0,0.0,0.0,0.0,0.0,0.0,0.0,0.0,0.0,0.0,0.0,0.0,0.0,0.0,0.0,0.0,0.0,0.0,0.0,0.0,0.0
C4-article08.txt,0.0,0.0,0.0,0.0,0.0,0.027779216577179147,0.0,0.0161197018734871,0.0644788074939484,0.0,0.0,0.0,0.0,0.0033932896796662784,0.0,0.0,0.0,0.0,0.0,0.0,0.0,0.0,0.0,0.0161197018734871,0.0,0.0,0.0,0.0,0.0,0.0,0.0,0.0,0.0,0.0,0.0,0.009631421123209303,0.0,0.006079906658580795,0.0,0.0,0.0,0.0,0.0,0.0,0.0,0.0,0.011404991314089839,0.0,0.0,0.0,0.0,0.0,0.0,0.01215981331716159,0.0,0.00805985093674355,0.0,0.0,0.0,0.0,0.0,0.009631421123209303,0.0,0.0,0.0,0.0,0.0,0.0,0.004775750702684621,0.0,0.0,0.0,0.0,0.0,0.0,0.0,0.0,0.0,0.0,0.0,0.0,0.0,0.0,0.0,0.0,0.0,0.0,0.004775750702684621,0.0,0.0,0.0,0.00425818716538027,0.005373233957829033,0.0,0.0,0.010746467915658066,0.0,0.0,0.0,0.0,0.0,0.0,0.0,0.0,0.0,0.0,0.0,0.0,0.0,0.0,0.0,0.0,0.009631421123209303,0.006079906658580795,0.00805985093674355,0.024179552810230646,0.0,0.0,0.0,0.0,0.0,0.0,0.0,0.0,0.0,0.0,0.0,0.0,0.006944804144294787,0.00805985093674355,0.0,0.0,0.0,0.0,0.0,0.0,0.0,0.0,0.0,0.0,0.014327252108053863,0.0,0.0,0.0,0.0,0.009631421123209303,0.0,0.0,0.0,0.0,0.0,0.0,0.0,0.0,0.0,0.0,0.00805985093674355,0.0,0.00380166377136328,0.0,0.0,0.0161197018734871,0.0,0.0,0.0,0.0,0.0,0.0,0.0,0.00760332754272656,0.0,0.0,0.00805985093674355,0.0,0.009631421123209303,0.00380166377136328,0.0,0.0,0.0,0.0,0.00805985093674355,0.0,0.0,0.0,0.0,0.0,0.0,0.00805985093674355,0.0,0.0,0.0,0.00425818716538027,0.0,0.006944804144294787,0.0,0.0,0.0,0.0,0.0161197018734871,0.006079906658580795,0.0,0.006079906658580795,0.0,0.006944804144294787,0.0,0.0,0.0,0.0,0.0,0.00805985093674355,0.0,0.0,0.0,0.006079906658580795,0.0,0.0,0.0,0.0,0.0,0.00805985093674355,0.0,0.0,0.0,0.0,0.021290935826901353,0.009631421123209303,0.019262842246418607,0.0,0.0,0.0,0.0,0.0,0.0,0.0,0.0,0.0,0.0,0.0,0.0,0.0,0.0,0.0,0.006944804144294787,0.019262842246418607,0.009551501405369242,0.0,0.009631421123209303,0.009631421123209303,0.0,0.00805985093674355,0.0,0.0,0.0,0.0,0.0,0.0,0.0,0.0,0.0,0.0,0.0,0.0,0.0,0.0,0.0,0.0,0.0,0.0,0.0,0.0,0.006944804144294787,0.00805985093674355,0.0,0.0,0.0023763739259163134,0.0,0.0,0.0,0.009631421123209303,0.0,0.006944804144294787,0.0,0.0,0.0,0.0,0.0,0.0,0.0,0.0,0.0,0.006944804144294787,0.0,0.0,0.0,0.0,0.0,0.0,0.009631421123209303,0.0,0.0,0.027779216577179147,0.006944804144294787,0.00805985093674355,0.0,0.0,0.026866169789145165,0.0,0.0,0.0,0.0,0.006944804144294787,0.006944804144294787,0.009631421123209303,0.0,0.0,0.0,0.0,0.0,0.0,0.005373233957829033,0.0,0.01215981331716159,0.005373233957829033,0.006944804144294787,0.0,0.0,0.0,0.00805985093674355,0.0,0.0,0.006944804144294787,0.0,0.0,0.0,0.010746467915658066,0.0,0.0,0.0,0.0,0.0,0.0,0.0,0.0,0.0,0.0,0.0,0.00805985093674355,0.0,0.0,0.04835910562046129,0.0,0.0,0.0,0.0,0.0,0.0,0.00805985093674355,0.0,0.0,0.006944804144294787,0.0,0.0,0.0,0.0161197018734871,0.0,0.009631421123209303,0.0,0.00425818716538027,0.009631421123209303,0.0,0.006944804144294787,0.013889608288589574,0.0,0.0,0.0,0.0,0.0,0.0,0.0,0.0,0.0,0.0,0.0,0.0,0.0,0.0,0.0,0.00805985093674355,0.006944804144294787,0.0,0.0,0.0,0.006079906658580795,0.0,0.0,0.0,0.006079906658580795,0.0,0.0,0.0,0.0033932896796662784,0.0,0.0,0.0,0.0,0.0,0.0,0.0,0.0,0.0,0.0,0.0,0.009631421123209303,0.0,0.0,0.0,0.0,0.0,0.0,0.0,0.0,0.0,0.0,0.0,0.0,0.0,0.0,0.0,0.0,0.0,0.0,0.0,0.0,0.0,0.0,0.0,0.0,0.0,0.0,0.00805985093674355,0.0,0.00805985093674355,0.0,0.0,0.0,0.0,0.0,0.0,0.0,0.0,0.009631421123209303,0.00805985093674355,0.0,0.0,0.009631421123209303,0.0,0.0,0.0,0.013889608288589574,0.0,0.0,0.0,0.0,0.0,0.0,0.0,0.0,0.0,0.009631421123209303,0.0,0.0,0.0,0.006944804144294787,0.0,0.0,0.009631421123209303,0.0,0.009631421123209303,0.019262842246418607,0.0,0.0,0.009631421123209303,0.0,0.009631421123209303,0.0,0.00805985093674355,0.009631421123209303,0.0,0.0,0.0,0.0,0.0,0.0,0.0,0.0,0.0,0.0,0.0,0.0161197018734871,0.009631421123209303,0.0,0.0,0.02889426336962791,0.0161197018734871,0.009631421123209303,0.009631421123209303,0.04835910562046129,0.08668279010888373,0.01703274866152108,0.009631421123209303,0.0161197018734871,0.010746467915658066,0.006944804144294787,0.019262842246418607,0.0,0.009631421123209303,0.009631421123209303,0.00805985093674355,0.006944804144294787,0.019262842246418607,0.0322394037469742,0.009631421123209303,0.009631421123209303,0.012774561496140811,0.009631421123209303,0.009631421123209303,0.019262842246418607,0.009631421123209303,0.018239719975742388,0.009631421123209303,0.0,0.012774561496140811,0.00805985093674355,0.0161197018734871,0.009631421123209303,0.009631421123209303,0.00805985093674355,0.009631421123209303,0.009631421123209303,0.006944804144294787,0.009631421123209303,0.009631421123209303,0.009631421123209303,0.009631421123209303,0.009631421123209303,0.019262842246418607,0.019262842246418607,0.036479439951484775,0.03852568449283721,0.006944804144294787,0.009631421123209303,0.0,0.0,0.0,0.0,0.0,0.0,0.0,0.0,0.0,0.0,0.0,0.0,0.0,0.0,0.0,0.0,0.0,0.0,0.0,0.0,0.0,0.0,0.0,0.0,0.0,0.0,0.0,0.0,0.0,0.0,0.0,0.0,0.0,0.0,0.0,0.0,0.0,0.0
C4-article05.txt,0.0,0.0,0.0,0.0,0.0,0.0,0.0,0.0,0.0,0.0,0.0,0.0,0.0,0.0,0.0,0.0,0.0,0.0,0.0,0.0,0.0,0.0,0.0,0.0,0.0,0.0,0.0,0.0,0.0,0.0,0.0,0.0,0.0,0.0,0.0,0.0,0.0,0.0,0.0,0.0,0.0,0.0,0.0,0.0,0.0,0.0,0.02392266470760308,0.0,0.0,0.0,0.0,0.0,0.0,0.0,0.0,0.0,0.0,0.0,0.0,0.03825892482716696,0.0,0.0,0.0,0.0,0.0,0.0,0.0,0.0,0.0,0.0,0.0,0.02135289603302195,0.0,0.0,0.0,0.0,0.0,0.0,0.0,0.0,0.0,0.0,0.0,0.0,0.0,0.0,0.0,0.0,0.0,0.0,0.0,0.0,0.0,0.0,0.0,0.0,0.0,0.0,0.0,0.0,0.0,0.0,0.0,0.0,0.0,0.0,0.0,0.0,0.0,0.0,0.0,0.0,0.0,0.0,0.0,0.0,0.0,0.0,0.0,0.0,0.0,0.0,0.0,0.0,0.0,0.04370145046897695,0.0,0.0,0.0,0.0,0.0,0.0,0.0,0.0,0.0,0.03825892482716696,0.0,0.0,0.0,0.0,0.0,0.0,0.0,0.0,0.0,0.0,0.0,0.0,0.0,0.0,0.0,0.0,0.0,0.0,0.0,0.0,0.0,0.0,0.0,0.0,0.0,0.0,0.0,0.0,0.0,0.0,0.0,0.0,0.0,0.0,0.0,0.0,0.0,0.0,0.0,0.0,0.0,0.0,0.0,0.0,0.0,0.0,0.0,0.0,0.0,0.0,0.0,0.0,0.0,0.0,0.0,0.0,0.0,0.0,0.0,0.0,0.0,0.0,0.0,0.0,0.0,0.0,0.0,0.0,0.0,0.0,0.0,0.0,0.0,0.0,0.04370145046897695,0.0,0.0,0.0,0.0,0.0,0.0,0.0,0.0,0.0,0.0,0.0,0.0,0.0,0.0,0.0,0.0,0.0,0.0,0.0,0.0,0.0,0.0,0.0,0.0,0.0,0.0,0.0,0.0,0.0,0.0,0.0,0.0,0.0,0.0,0.0,0.0,0.0,0.0,0.0,0.0,0.07176799412280922,0.0,0.0,0.0,0.0,0.0,0.0,0.0,0.0,0.0,0.0,0.0300522849095764,0.0,0.0,0.0,0.0,0.0,0.0,0.0,0.0,0.0,0.0,0.0,0.0,0.0,0.0,0.0,0.0,0.0,0.0,0.0,0.0,0.0,0.04370145046897695,0.0,0.0,0.0,0.0,0.03825892482716696,0.0,0.0,0.0,0.0,0.0,0.0,0.0,0.0,0.0,0.0,0.0,0.0,0.0,0.0,0.0,0.0,0.0,0.0,0.0,0.0,0.0,0.0,0.0,0.0,0.0,0.0,0.0,0.0,0.0,0.0,0.0,0.0,0.0,0.0,0.0,0.0,0.0,0.0,0.0,0.0,0.0,0.0,0.0,0.0,0.0,0.05071808638243502,0.0,0.0,0.0,0.0,0.0,0.0,0.0,0.0,0.0,0.0,0.0,0.0,0.0,0.0,0.0,0.0,0.0,0.0,0.0874029009379539,0.0,0.0,0.0,0.06060747926312196,0.0,0.0,0.0,0.0,0.0,0.0,0.0,0.0,0.0,0.0,0.0,0.0,0.0,0.0,0.0,0.0,0.0,0.0,0.0,0.0,0.06060747926312196,0.0,0.0,0.0,0.0,0.0,0.0,0.0,0.0,0.0,0.0,0.0,0.0,0.0,0.0,0.0,0.0,0.0,0.0,0.0,0.0,0.0,0.0,0.0,0.0,0.0,0.0,0.0,0.0,0.0,0.0,0.0,0.0,0.0,0.0,0.0,0.0,0.0,0.0,0.0,0.0,0.0,0.0,0.0,0.0,0.0,0.0,0.0,0.0,0.0,0.0,0.0,0.0,0.0,0.0,0.0,0.0,0.0,0.0,0.0,0.0,0.0,0.0,0.0,0.0,0.0,0.0,0.0,0.0,0.0,0.0,0.0,0.0,0.0,0.0,0.0,0.0,0.0,0.0,0.0,0.0,0.0,0.0,0.0,0.0,0.0,0.0,0.0,0.0,0.0,0.0,0.0,0.0,0.0,0.0,0.0,0.0,0.0,0.0,0.0,0.0,0.0,0.0,0.0,0.0,0.0,0.0,0.0,0.0,0.0,0.0,0.0,0.0,0.0,0.0,0.0,0.0,0.0,0.0,0.0,0.0,0.0,0.0,0.0,0.0,0.0,0.0,0.0,0.0,0.053590843349663894,0.0,0.0,0.0,0.0,0.0,0.0,0.0,0.0,0.0,0.0,0.0,0.0,0.0,0.0,0.10718168669932779,0.0,0.0,0.0,0.0,0.03825892482716696,0.0,0.0,0.026795421674831947,0.0,0.0,0.0,0.0,0.0,0.0,0.0,0.04370145046897695,0.0,0.0,0.0,0.0,0.0,0.0,0.0,0.0,0.0,0.0,0.0,0.06060747926312196,0.06060747926312196,0.06060747926312196,0.0,0.0,0.0,0.0,0.0,0.0,0.0,0.0,0.0,0.0,0.0,0.0,0.0,0.0,0.0,0.0,0.0,0.0,0.0,0.0,0.0,0.0,0.0,0.0,0.0,0.0,0.0,0.0,0.0,0.0,0.0,0.0,0.0,0.0,0.0
C4-article04.txt,0.0,0.0,0.0,0.0,0.0,0.0,0.0,0.0,0.0,0.0,0.0,0.0,0.0,0.014838453175489827,0.0,0.0,0.0,0.0,0.0,0.0,0.0,0.0,0.0,0.0,0.0,0.0,0.0,0.03524477189287857,0.0,0.0,0.0,0.0,0.0,0.03036880456318737,0.0,0.0,0.03036880456318737,0.0,0.0,0.0,0.0,0.0,0.0,0.0,0.0,0.0,0.016624224627317392,0.0,0.0,0.0,0.0,0.0,0.0,0.0,0.0,0.0,0.0,0.0,0.0,0.0,0.0,0.0,0.0,0.0,0.0,0.0,0.0,0.0,0.0,0.0,0.0,0.0,0.0,0.0,0.0,0.0,0.0,0.0,0.0,0.0,0.0,0.0,0.0,0.0,0.0,0.0,0.0,0.0,0.0,0.0,0.0,0.0,0.0,0.02658671047311602,0.0,0.0,0.0,0.0,0.0,0.0,0.0,0.0,0.0,0.0,0.0,0.0,0.0,0.0,0.0,0.0,0.0,0.0,0.0,0.0,0.0,0.0,0.0,0.0,0.0,0.0,0.0,0.0,0.0,0.0,0.0,0.0,0.0,0.0,0.0,0.0,0.0,0.0,0.0,0.0,0.0,0.0,0.0,0.0,0.0,0.0,0.0,0.0,0.0,0.0,0.0,0.0,0.0,0.0,0.0,0.0,0.0,0.0,0.0,0.0,0.0,0.0,0.0,0.0,0.0,0.0,0.0,0.0,0.0,0.0,0.0,0.0,0.0,0.0,0.0,0.0,0.0,0.0,0.0,0.0,0.0,0.0,0.0,0.0,0.0,0.0,0.0,0.0,0.0,0.0,0.0,0.03524477189287857,0.0,0.0,0.0,0.0,0.03524477189287857,0.0,0.0,0.0,0.0,0.0,0.0,0.0,0.0,0.0,0.0,0.0,0.0,0.0,0.0208837912083497,0.0,0.0,0.0,0.0,0.0,0.03036880456318737,0.0,0.0,0.0,0.0,0.0,0.0,0.0,0.0,0.0,0.0,0.0,0.0,0.0,0.0,0.0,0.0,0.0,0.0,0.0,0.0,0.0,0.0,0.0,0.0,0.0,0.0,0.0,0.0,0.0,0.0,0.03524477189287857,0.0,0.0,0.0,0.0,0.0,0.0,0.0,0.0,0.0,0.0,0.0,0.0,0.0,0.0,0.0,0.0,0.0,0.0,0.0,0.0,0.0,0.0,0.0,0.0,0.0,0.0,0.0,0.042117061860813564,0.0,0.0,0.0,0.0,0.0,0.0,0.0,0.0,0.0,0.0,0.0,0.0,0.02349651459525238,0.0,0.0,0.0,0.0,0.0,0.0,0.0,0.0,0.0,0.0,0.0,0.0,0.0,0.0,0.0,0.0,0.0,0.0,0.0,0.0,0.0,0.0,0.0,0.0,0.0,0.0,0.0,0.0,0.0,0.0,0.0,0.0,0.0,0.0,0.0,0.0,0.0,0.0,0.0,0.0,0.0,0.0,0.0,0.0,0.0,0.0,0.0,0.0,0.0,0.042117061860813564,0.0,0.0,0.0,0.0,0.0,0.0,0.0,0.042117061860813564,0.0,0.0,0.042117061860813564,0.0,0.0,0.0,0.0,0.0,0.0,0.0,0.0,0.0,0.0,0.03036880456318737,0.02658671047311602,0.0,0.0,0.0,0.0,0.0,0.0,0.0,0.0,0.0,0.0,0.0,0.0,0.0,0.0,0.0,0.0,0.0,0.0,0.0,0.0,0.0,0.0,0.0,0.0,0.0,0.0,0.0,0.0,0.0,0.0,0.0,0.0,0.0,0.0,0.0,0.0,0.0,0.0,0.0,0.0,0.02658671047311602,0.03524477189287857,0.0,0.0,0.0,0.0,0.0,0.0,0.0,0.0,0.0,0.0,0.0,0.0,0.0,0.0,0.0,0.02658671047311602,0.0,0.0,0.0,0.0,0.0,0.0,0.0,0.0,0.0,0.0,0.0,0.0,0.0,0.0,0.0,0.0,0.0,0.0,0.0,0.0,0.0,0.0,0.0,0.0,0.0,0.0,0.0,0.0,0.0,0.0,0.0,0.0,0.0,0.0,0.0,0.0,0.0,0.0,0.0,0.0,0.0,0.0,0.0,0.0,0.0,0.0,0.0,0.0,0.0,0.0,0.0,0.0,0.0,0.0,0.0,0.0,0.0,0.0,0.0,0.0,0.0,0.0,0.0,0.0,0.0,0.0,0.0,0.0,0.0,0.0,0.0,0.0,0.0,0.0,0.0,0.0,0.0,0.0,0.0,0.0,0.0,0.0,0.042117061860813564,0.0,0.0,0.0,0.0,0.0,0.0,0.0,0.0,0.0,0.0,0.0,0.037241094531122364,0.0,0.0,0.02349651459525238,0.0,0.0,0.0,0.0,0.0,0.0,0.03036880456318737,0.0,0.0,0.0,0.0,0.07448218906224473,0.0,0.0,0.0,0.0,0.0,0.0,0.0,0.037241094531122364,0.0,0.0,0.0,0.0,0.03524477189287857,0.0,0.0,0.0,0.0,0.042117061860813564,0.0,0.0,0.0,0.0,0.0,0.02658671047311602,0.0,0.0,0.0,0.0,0.0,0.0,0.03036880456318737,0.0,0.042117061860813564,0.03036880456318737,0.042117061860813564,0.042117061860813564,0.03524477189287857,0.03524477189287857,0.042117061860813564,0.03524477189287857,0.03524477189287857,0.042117061860813564,0.03524477189287857,0.042117061860813564,0.0,0.0,0.0,0.0,0.0,0.0,0.0,0.0,0.0,0.0,0.0,0.0,0.0,0.0,0.0,0.0,0.0,0.0,0.0,0.0,0.0
C4-article06.txt,0.0,0.0,0.0,0.0,0.0,0.009791035350972978,0.0,0.03787689511256531,0.0,0.01357872486222951,0.0,0.008571671682589318,0.0,0.009567964342665573,0.0,0.0,0.0,0.0,0.0,0.0,0.0,0.0,0.0,0.02272613706753919,0.0,0.0,0.0,0.0,0.0,0.0,0.0,0.0,0.0,0.0,0.007575379022513064,0.0,0.0,0.008571671682589318,0.0,0.0,0.0,0.0,0.011363068533769595,0.011363068533769595,0.0,0.006733025580834056,0.026798613470265742,0.0,0.0,0.0,0.0,0.0,0.0,0.008571671682589318,0.011363068533769595,0.0,0.0,0.0,0.0,0.0,0.0,0.0,0.0,0.0,0.0,0.0,0.008571671682589318,0.01357872486222951,0.0,0.0,0.0,0.0,0.0,0.007575379022513064,0.0,0.0,0.0,0.0,0.0,0.007575379022513064,0.0,0.0,0.0,0.0,0.0,0.0,0.0,0.0,0.0,0.0,0.0,0.006003345839716447,0.007575379022513064,0.051430030095535914,0.0,0.0,0.0,0.0,0.0,0.0,0.0,0.0,0.0,0.0,0.0,0.0,0.0,0.0,0.008571671682589318,0.017052646066657375,0.0,0.011363068533769595,0.0,0.0,0.0,0.0,0.0,0.0,0.0,0.0,0.011363068533769595,0.0,0.0047839821713327865,0.008571671682589318,0.019582070701945956,0.0,0.0,0.0,0.0,0.0,0.0,0.0,0.0,0.0,0.0,0.03428668673035727,0.0,0.0,0.0,0.0,0.006733025580834056,0.0,0.0,0.0,0.01357872486222951,0.0,0.011363068533769595,0.0,0.0,0.0,0.0,0.0,0.01357872486222951,0.0,0.0,0.0,0.0,0.0,0.005359722694053148,0.0,0.01357872486222951,0.0,0.0,0.0,0.0,0.0,0.0,0.0,0.0,0.026798613470265742,0.0,0.0,0.0,0.0,0.0,0.005359722694053148,0.0,0.0,0.0,0.0,0.0,0.007575379022513064,0.0,0.019582070701945956,0.0,0.0,0.0,0.0,0.0,0.015150758045026127,0.02272613706753919,0.0,0.0,0.0,0.0,0.0,0.0,0.0,0.0,0.0,0.0,0.0,0.0,0.0,0.0,0.0,0.0,0.0,0.0,0.0,0.0,0.0,0.0,0.0,0.0,0.0,0.0,0.0,0.0,0.0,0.0,0.0,0.009791035350972978,0.0,0.0,0.0,0.0,0.0,0.0,0.0,0.0,0.0,0.0,0.0,0.0,0.0,0.0,0.0,0.0,0.0,0.0,0.0,0.0,0.0,0.006733025580834056,0.0,0.0,0.0,0.04545227413507838,0.0,0.0,0.0,0.0,0.0,0.0,0.009791035350972978,0.0,0.0,0.0,0.0,0.0,0.0,0.0,0.0,0.0,0.0,0.0,0.0,0.0,0.0,0.0,0.0,0.0,0.0,0.00335029766604595,0.0,0.0,0.0,0.0,0.0,0.0,0.0,0.0,0.0,0.0,0.0,0.0,0.0,0.0,0.0,0.019582070701945956,0.0,0.0,0.0,0.0,0.0,0.0,0.0,0.0,0.0,0.03916414140389191,0.009791035350972978,0.0,0.0,0.0,0.0,0.0,0.0,0.0,0.0,0.0,0.0,0.0,0.0,0.0,0.0,0.0,0.0,0.0,0.0,0.0,0.0,0.007575379022513064,0.0,0.0,0.0,0.0,0.0,0.0,0.0,0.009791035350972978,0.0,0.0,0.0,0.007575379022513064,0.0,0.0,0.0,0.0,0.0,0.0,0.0,0.0,0.0,0.0,0.0,0.0,0.02272613706753919,0.0,0.02272613706753919,0.0,0.0,0.0,0.0,0.0,0.0,0.0,0.0,0.0,0.009791035350972978,0.0,0.0,0.0,0.0,0.011363068533769595,0.0,0.0,0.024013383358865787,0.0,0.0,0.0,0.0,0.0,0.0,0.0,0.0,0.009791035350972978,0.0,0.0,0.0,0.0,0.0,0.0,0.0,0.0,0.0,0.0,0.0,0.0,0.0,0.0,0.0,0.0,0.0,0.0,0.0,0.0,0.0,0.0,0.0,0.0,0.0,0.0,0.0,0.0,0.0,0.0,0.0,0.0,0.019582070701945956,0.0,0.0,0.0,0.0,0.0,0.0,0.0,0.0,0.0,0.0,0.0,0.0,0.0,0.0,0.0,0.0,0.0,0.0,0.0,0.0,0.009791035350972978,0.0,0.0,0.0,0.0,0.009791035350972978,0.0,0.0,0.0,0.0,0.0,0.0,0.01357872486222951,0.011363068533769595,0.0,0.0,0.02715744972445902,0.0,0.0,0.0,0.0,0.0,0.019582070701945956,0.0,0.0,0.0,0.0,0.0,0.0,0.0,0.0,0.0,0.0,0.0,0.0,0.0,0.0,0.0,0.0,0.0,0.0,0.0,0.009791035350972978,0.0,0.0,0.0,0.0,0.0,0.0,0.0,0.0,0.0,0.0,0.0,0.0,0.0,0.0,0.0,0.0,0.0,0.0,0.0,0.0,0.0,0.0,0.0,0.0,0.01357872486222951,0.011363068533769595,0.0,0.0,0.0,0.04073617458668853,0.07954147973638716,0.0,0.0,0.034089205601308785,0.0,0.030016729198582233,0.0,0.02272613706753919,0.015150758045026127,0.0,0.0,0.0,0.0,0.01357872486222951,0.02272613706753919,0.029373106052918936,0.0,0.02272613706753919,0.0,0.0,0.048026766717731574,0.0,0.01357872486222951,0.0,0.04073617458668853,0.008571671682589318,0.0,0.011363068533769595,0.03602007503829868,0.0,0.02272613706753919,0.0,0.0,0.0,0.0,0.0,0.0,0.0,0.0,0.0,0.0,0.0,0.0,0.0,0.008571671682589318,0.0,0.0,0.0,0.0,0.0,0.0,0.05874621210583787,0.0,0.0,0.0,0.0,0.0,0.011363068533769595,0.011363068533769595,0.0,0.0,0.0,0.0,0.0,0.0,0.01357872486222951,0.01357872486222951,0.02715744972445902,0.01357872486222951,0.01357872486222951,0.01357872486222951,0.01357872486222951,0.01357872486222951,0.01357872486222951,0.01357872486222951,0.01357872486222951,0.01357872486222951,0.011363068533769595,0.011363068533769595,0.01357872486222951,0.0,0.0,0.0,0.0,0.0,0.0
C4-article07.txt,0.0,0.0,0.0,0.0,0.0,0.0,0.0,0.006188814112142368,0.0,0.0,0.0,0.0,0.0,0.0234500554648366,0.0,0.0,0.0,0.0,0.0,0.0,0.0,0.0,0.0,0.0,0.0,0.0,0.011093333257982145,0.0,0.0,0.0,0.0,0.0,0.0,0.0,0.006188814112142368,0.0,0.0,0.0,0.0,0.0,0.0,0.0,0.0,0.0,0.018566442336427104,0.005500641434342108,0.004378702022373777,0.0,0.0,0.0,0.0,0.0,0.0,0.0,0.009283221168213552,0.0,0.0,0.0,0.0,0.014005499267087903,0.0,0.0,0.0,0.008757404044747555,0.0,0.0,0.0,0.0,0.0,0.0,0.0,0.003908342577472767,0.0,0.006188814112142368,0.0,0.0,0.0,0.0,0.0,0.0,0.0,0.0,0.0,0.0,0.007998926201910958,0.0,0.0,0.011001282868684216,0.0,0.0,0.011001282868684216,0.009809038291679551,0.006188814112142368,0.007002749633543952,0.0,0.006188814112142368,0.0,0.0,0.0,0.0,0.007998926201910958,0.0,0.0,0.0,0.0,0.0,0.0,0.011093333257982145,0.0,0.0,0.006188814112142368,0.0,0.0,0.007002749633543952,0.0,0.0,0.0,0.007998926201910958,0.0,0.0,0.0,0.011093333257982145,0.0,0.0,0.0,0.0,0.0,0.0,0.0,0.0,0.0,0.0,0.014005499267087903,0.0,0.0,0.0,0.0,0.0,0.0,0.007998926201910958,0.005500641434342108,0.0,0.0,0.0,0.0,0.0,0.0,0.0,0.02218666651596429,0.0,0.0,0.0,0.0,0.0,0.0,0.0,0.0,0.0,0.0,0.0,0.0,0.0,0.0,0.0,0.0,0.0,0.0,0.0,0.0,0.004378702022373777,0.0,0.0,0.0,0.018566442336427104,0.0,0.0,0.0,0.0,0.0,0.0,0.0,0.0,0.0,0.007998926201910958,0.0,0.0,0.0,0.0,0.0,0.0,0.0,0.0049045191458397756,0.0,0.0,0.0,0.0,0.0,0.0,0.0,0.0,0.0,0.0,0.0,0.0,0.0,0.0,0.0,0.0,0.0,0.009283221168213552,0.0,0.0,0.006188814112142368,0.007002749633543952,0.0,0.0,0.0,0.0,0.0,0.0,0.0,0.0,0.007998926201910958,0.011001282868684216,0.0049045191458397756,0.0,0.0,0.011093333257982145,0.0,0.0,0.0,0.0,0.0,0.0,0.011093333257982145,0.0,0.0,0.0,0.0,0.0,0.0,0.0,0.0,0.0,0.0,0.011093333257982145,0.0,0.0,0.0,0.0,0.0,0.0,0.0,0.0,0.0,0.0,0.0,0.0,0.0,0.005500641434342108,0.0,0.0,0.005500641434342108,0.0,0.0,0.0,0.009283221168213552,0.0,0.018566442336427104,0.0,0.0,0.0,0.009283221168213552,0.0,0.002737073539671468,0.0,0.0,0.0,0.0,0.011093333257982145,0.007998926201910958,0.006188814112142368,0.012377628224284737,0.0,0.0,0.0,0.0,0.0,0.0,0.0,0.0,0.0,0.0,0.0,0.0,0.0,0.0,0.0,0.0,0.011093333257982145,0.0,0.0,0.0,0.0,0.0,0.006188814112142368,0.027849663504640656,0.0,0.0,0.0,0.0,0.007998926201910958,0.0,0.0,0.0,0.0,0.011093333257982145,0.0,0.0,0.0,0.0,0.0,0.0,0.0,0.0,0.0,0.0,0.0,0.0,0.009283221168213552,0.0,0.0,0.0,0.02218666651596429,0.006188814112142368,0.0,0.0,0.0,0.009283221168213552,0.0,0.0,0.0,0.011093333257982145,0.0,0.0,0.0,0.0,0.0,0.0,0.0,0.0,0.0,0.011093333257982145,0.0,0.0,0.014005499267087903,0.0,0.0,0.0,0.0,0.0,0.011093333257982145,0.0,0.018566442336427104,0.0,0.0,0.0,0.0049045191458397756,0.0,0.0049045191458397756,0.007998926201910958,0.007998926201910958,0.0,0.0,0.009283221168213552,0.0,0.0,0.011093333257982145,0.0,0.0,0.0,0.0,0.0,0.0,0.0,0.0,0.0,0.0,0.0,0.0,0.0,0.0,0.007002749633543952,0.0,0.0,0.0,0.0,0.0,0.0,0.0,0.003908342577472767,0.007998926201910958,0.0,0.0,0.0,0.0,0.0,0.0,0.0,0.0,0.0,0.0,0.0,0.007002749633543952,0.0,0.0,0.0,0.0,0.0,0.0,0.0,0.0,0.018566442336427104,0.0,0.0,0.0,0.0,0.02218666651596429,0.0,0.0,0.007998926201910958,0.0,0.0,0.0,0.0,0.0,0.0,0.0,0.0,0.0,0.0,0.0,0.0,0.0,0.0,0.0,0.0,0.0,0.0,0.0,0.0,0.0,0.023996778605732877,0.011093333257982145,0.0,0.0,0.0,0.0,0.0,0.0,0.011093333257982145,0.0,0.0,0.0,0.0,0.0,0.0,0.0,0.0,0.0,0.0,0.011093333257982145,0.023996778605732877,0.0,0.0,0.0,0.0,0.0,0.0,0.0,0.0,0.0,0.0,0.0,0.0,0.0,0.0,0.011093333257982145,0.0,0.02218666651596429,0.0,0.0,0.0,0.0,0.0,0.0,0.0,0.0,0.0,0.0,0.0,0.0,0.0,0.009283221168213552,0.011093333257982145,0.011093333257982145,0.05569932700928131,0.0,0.014713557437519327,0.0,0.009283221168213552,0.006188814112142368,0.007998926201910958,0.0,0.0,0.011093333257982145,0.0,0.0,0.0,0.011093333257982145,0.03713288467285421,0.011093333257982145,0.0,0.014713557437519327,0.0,0.0,0.011093333257982145,0.0,0.021008248900631854,0.02218666651596429,0.009283221168213552,0.014713557437519327,0.0,0.0,0.0,0.011093333257982145,0.0,0.011093333257982145,0.011093333257982145,0.015997852403821917,0.0,0.0,0.011093333257982145,0.011093333257982145,0.02218666651596429,0.011093333257982145,0.0,0.0,0.0,0.0,0.011093333257982145,0.011093333257982145,0.0,0.011093333257982145,0.05599248341337672,0.0,0.0,0.0,0.0,0.0,0.009283221168213552,0.0,0.0,0.0,0.009283221168213552,0.0,0.018566442336427104,0.0,0.011093333257982145,0.011093333257982145,0.07765333280587501,0.055466666289910725,0.03327999977394643,0.0,0.011093333257982145,0.011093333257982145,0.0,0.011093333257982145,0.011093333257982145,0.0,0.0,0.009283221168213552,0.011093333257982145,0.011093333257982145,0.011093333257982145,0.011093333257982145,0.0,0.0,0.0
C4-article03.txt,0.0,0.0,0.0,0.0,0.0,0.0,0.0,0.0,0.0,0.0,0.0,0.0,0.0,0.0,0.0,0.0,0.0,0.0,0.0,0.0,0.0,0.0,0.0,0.0,0.0,0.0,0.0,0.0,0.0,0.0,0.0,0.016906028794145007,0.0,0.014567150156325651,0.0,0.0,0.0,0.0,0.0,0.0,0.026795421674831947,0.0,0.0,0.0,0.0,0.0,0.0,0.0,0.0,0.0,0.0,0.0,0.0,0.0,0.0,0.0,0.0,0.0,0.0,0.0,0.0,0.0,0.0,0.0,0.0,0.0,0.0,0.0,0.0,0.0,0.0,0.0,0.0,0.022541371725526678,0.0,0.0,0.0,0.0,0.0,0.0,0.0,0.0,0.0,0.0,0.0,0.0,0.0,0.0,0.0,0.0,0.0,0.0,0.0,0.0,0.0,0.0,0.0,0.0,0.0,0.0,0.0,0.0,0.0,0.0,0.0,0.0,0.0,0.0,0.0,0.0,0.0,0.0,0.0,0.0,0.0,0.0,0.0,0.0,0.0,0.0,0.0,0.0,0.0,0.0,0.0,0.0,0.0,0.0,0.0,0.0,0.0,0.0,0.0,0.0,0.0,0.0,0.0,0.0,0.0,0.0,0.0,0.0,0.0,0.0,0.0,0.0,0.0,0.0,0.0,0.0,0.0,0.0,0.0,0.0,0.0,0.0,0.0,0.0,0.0,0.0,0.0,0.0,0.0,0.0,0.0,0.016906028794145007,0.0,0.0,0.0,0.007974221569201027,0.0,0.0,0.0,0.0,0.0,0.0,0.0,0.029134300312651303,0.0,0.020202493087707322,0.0,0.011270685862763339,0.0,0.0,0.0,0.0,0.0,0.0,0.0,0.0,0.0,0.008931807224943984,0.0,0.0,0.0,0.0,0.0,0.0,0.0,0.0,0.0,0.012752974942388987,0.0,0.0,0.020034856606384266,0.0,0.0,0.0,0.0,0.0,0.0,0.0,0.0,0.0,0.0,0.0,0.0,0.0,0.0,0.0,0.016906028794145007,0.0,0.0,0.0,0.0,0.0,0.0,0.0,0.0,0.0,0.0,0.0,0.0,0.0,0.0,0.0,0.0,0.0,0.020202493087707322,0.0,0.0,0.0,0.0,0.0,0.0,0.0,0.0,0.0,0.0,0.0,0.0,0.015948443138402053,0.0,0.0,0.0,0.0,0.0,0.0,0.0,0.010017428303192133,0.0,0.0,0.0,0.0,0.0,0.0,0.0,0.0,0.0,0.0,0.0,0.0,0.0,0.0,0.009969178420917218,0.0,0.0,0.06060747926312196,0.0,0.0,0.0,0.0,0.011270685862763339,0.0,0.0,0.0,0.0,0.0,0.0,0.0,0.0,0.0,0.0,0.0,0.0,0.0,0.020202493087707322,0.0,0.0,0.0,0.0,0.014567150156325651,0.0,0.0,0.0,0.0,0.0,0.0,0.0,0.020202493087707322,0.0,0.0,0.0,0.0,0.0,0.0,0.0,0.0,0.0,0.0,0.0,0.0,0.011270685862763339,0.0,0.0,0.0,0.0,0.0,0.0,0.0,0.0,0.0,0.0,0.0,0.0,0.016906028794145007,0.0,0.040404986175414645,0.0,0.0,0.0,0.020202493087707322,0.0,0.0,0.0,0.016906028794145007,0.0,0.0,0.0,0.0,0.0,0.0,0.0,0.0,0.0,0.0,0.016906028794145007,0.0,0.0,0.0,0.0,0.0,0.016906028794145007,0.0,0.0,0.0,0.012752974942388987,0.008931807224943984,0.0,0.0,0.0,0.0,0.040404986175414645,0.0,0.0,0.0,0.0,0.0,0.0,0.0,0.0,0.0,0.0,0.0,0.0,0.0,0.0,0.0,0.0,0.0,0.014567150156325651,0.0,0.0,0.0,0.0,0.0,0.0,0.0,0.0,0.0,0.0,0.0,0.0,0.0,0.0,0.0,0.0,0.0,0.0,0.0,0.0,0.0,0.0,0.025505949884777973,0.0,0.0,0.0,0.0,0.0,0.0,0.0,0.0,0.0,0.0,0.0,0.0,0.0,0.0,0.0,0.0,0.014567150156325651,0.0,0.012752974942388987,0.0,0.0,0.0,0.0,0.0,0.0,0.0,0.020202493087707322,0.0,0.0,0.0,0.06060747926312196,0.0,0.0,0.0,0.0,0.0,0.0,0.0,0.014567150156325651,0.0,0.0,0.0,0.0,0.0,0.014567150156325651,0.0,0.0,0.0,0.0,0.0,0.0,0.0,0.0,0.0,0.0,0.0,0.0,0.0,0.0,0.0,0.0,0.0,0.0,0.0,0.0,0.0,0.0,0.0,0.0,0.0,0.016906028794145007,0.0,0.0,0.0,0.0,0.0,0.0,0.0,0.040404986175414645,0.0,0.0,0.020202493087707322,0.0,0.0,0.0,0.0,0.0,0.0,0.0,0.0,0.0,0.0,0.0,0.0,0.035727228899775934,0.0,0.0,0.0,0.029134300312651303,0.0,0.0,0.0,0.0,0.0,0.029134300312651303,0.0,0.0,0.0,0.0,0.04465903612471991,0.020202493087707322,0.0,0.0,0.0,0.0,0.0,0.0,0.035727228899775934,0.0,0.06762411517658003,0.0,0.0,0.016906028794145007,0.0,0.0,0.0,0.06060747926312196,0.0,0.0,0.0,0.0,0.0,0.0,0.012752974942388987,0.0,0.014567150156325651,0.0,0.0,0.0,0.0,0.0,0.0,0.040404986175414645,0.014567150156325651,0.020202493087707322,0.020202493087707322,0.0,0.0,0.020202493087707322,0.03381205758829001,0.016906028794145007,0.040404986175414645,0.05071808638243502,0.18182243778936588,0.0,0.0,0.0,0.0,0.0,0.020202493087707322,0.0,0.0,0.020202493087707322,0.0,0.0,0.0,0.016906028794145007,0.03381205758829001,0.0,0.020202493087707322,0.020202493087707322,0.0,0.020202493087707322,0.0,0.0
C4-article02.txt,0.0,0.0,0.0,0.0,0.0,0.0,0.0,0.0,0.0,0.0,0.0,0.0,0.0,0.0,0.0,0.0,0.0,0.0,0.0,0.0,0.0,0.0,0.0,0.0,0.0,0.0,0.0,0.0,0.0,0.0,0.015997852403821917,0.0,0.0,0.0,0.0,0.0,0.0,0.0,0.0,0.0,0.0,0.015997852403821917,0.0,0.0,0.018566442336427104,0.0,0.0,0.0,0.0,0.0,0.0,0.0,0.0,0.0,0.0,0.0,0.0,0.0,0.0,0.0,0.0,0.0,0.0,0.0,0.0,0.0,0.0,0.0,0.0,0.0,0.0,0.0,0.0,0.0,0.0,0.0,0.0,0.0,0.0,0.0,0.0,0.0,0.0,0.0,0.0,0.0,0.0,0.0,0.0,0.0,0.0,0.0,0.0,0.0,0.0,0.0,0.0,0.0,0.0,0.0,0.0,0.0,0.0,0.0,0.0,0.0,0.0,0.0,0.0,0.0,0.0,0.0,0.0,0.0,0.0,0.0,0.0,0.0,0.0,0.0,0.0,0.0,0.0,0.0,0.0,0.0,0.0,0.0,0.0,0.0,0.0,0.0,0.0,0.0,0.0,0.0,0.0,0.0,0.0,0.0,0.0,0.0,0.0,0.0,0.0,0.0,0.0,0.0,0.0,0.0,0.0,0.0,0.0,0.031995704807643834,0.0,0.0,0.0,0.0,0.0,0.0,0.0,0.0,0.0,0.0,0.0,0.0,0.0,0.0,0.0,0.008757404044747555,0.0,0.0,0.0,0.018566442336427104,0.0,0.0,0.0,0.0,0.0,0.0,0.0,0.012377628224284737,0.0,0.0,0.0,0.0,0.0,0.0,0.0,0.0,0.0,0.0,0.0,0.0,0.0,0.0,0.0,0.0,0.0,0.0,0.0,0.014005499267087903,0.0,0.0,0.0,0.0,0.0,0.0,0.0,0.0,0.0,0.0,0.0,0.0,0.0,0.04437333303192858,0.0,0.0,0.0,0.0,0.0,0.0,0.0,0.0,0.0,0.0,0.0,0.0,0.0,0.0,0.0,0.0,0.0,0.014005499267087903,0.0,0.0,0.0,0.0,0.0,0.0,0.0,0.0,0.0,0.0,0.0,0.0,0.0,0.0,0.0,0.0,0.0,0.0,0.0,0.0,0.0,0.0,0.0,0.0,0.0,0.0,0.02218666651596429,0.0,0.0,0.018566442336427104,0.0,0.0,0.0,0.0,0.0,0.0,0.0,0.0,0.0,0.0,0.005474147079342936,0.0,0.018566442336427104,0.0,0.0,0.0,0.0,0.012377628224284737,0.0,0.0,0.0,0.0,0.011001282868684216,0.0,0.0,0.014005499267087903,0.0,0.0,0.0,0.0,0.0,0.0,0.0,0.0,0.0,0.0,0.0,0.0,0.0,0.02218666651596429,0.0,0.012377628224284737,0.0,0.0,0.0,0.0,0.0,0.0,0.0,0.0,0.0,0.0,0.0,0.0,0.0,0.0,0.0,0.0,0.0,0.0,0.0,0.015997852403821917,0.0,0.0,0.0,0.0,0.0,0.0,0.0,0.0,0.0,0.0,0.0,0.0,0.0,0.0,0.0,0.0,0.0,0.0,0.0,0.0,0.0,0.0,0.0,0.0,0.047993557211465754,0.015997852403821917,0.0,0.0,0.0,0.0,0.0,0.0,0.0,0.0,0.02218666651596429,0.0,0.0,0.0,0.0,0.0,0.0,0.0,0.0,0.0,0.0,0.0,0.0,0.0,0.018566442336427104,0.0,0.0,0.0,0.0,0.0,0.0,0.0,0.0,0.0,0.0,0.0,0.0,0.018566442336427104,0.0,0.0,0.0,0.0,0.014005499267087903,0.0,0.0,0.0,0.0,0.0,0.0,0.0,0.0,0.0,0.0,0.0,0.015997852403821917,0.0,0.0,0.0,0.0,0.0,0.0,0.0,0.0,0.0,0.0,0.0,0.0,0.0,0.0,0.0,0.018566442336427104,0.0,0.0,0.0,0.02218666651596429,0.0,0.0,0.0,0.0,0.0,0.0,0.04437333303192858,0.0,0.0,0.0,0.015997852403821917,0.0,0.0,0.0,0.0,0.0,0.018566442336427104,0.0,0.0,0.0,0.0,0.0,0.0,0.0,0.0,0.0,0.0,0.0,0.0,0.0,0.0,0.02218666651596429,0.0,0.0,0.0,0.0,0.0,0.0,0.0,0.0,0.02218666651596429,0.0,0.0,0.0,0.0,0.0,0.0,0.0,0.0,0.0,0.0,0.02218666651596429,0.0,0.0,0.0,0.0,0.0,0.02218666651596429,0.0,0.0,0.0,0.0,0.0,0.0,0.0,0.0,0.0,0.0,0.0,0.0,0.0,0.0,0.0,0.0,0.0,0.02218666651596429,0.0,0.0,0.0,0.0,0.0,0.0,0.0,0.029427114875038653,0.0,0.0,0.03713288467285421,0.06399140961528767,0.06655999954789286,0.0,0.0,0.0,0.03713288467285421,0.0,0.0,0.0,0.0,0.0,0.09809038291679552,0.0,0.0,0.0,0.0,0.014005499267087903,0.0,0.0,0.029427114875038653,0.018566442336427104,0.0,0.0,0.0,0.0,0.0,0.0,0.0,0.0,0.0,0.0,0.0,0.0,0.0,0.02218666651596429,0.014005499267087903,0.04437333303192858,0.031995704807643834,0.0,0.0,0.02218666651596429,0.0,0.0,0.0,0.0,0.0,0.0,0.0,0.0,0.018566442336427104,0.0,0.0,0.0,0.0,0.0,0.0,0.0,0.0,0.0,0.0,0.0,0.0,0.0,0.0,0.0,0.0,0.0,0.0,0.0,0.0,0.0,0.0,0.0,0.02218666651596429,0.0,0.04437333303192858,0.02218666651596429
C4-article01.txt,0.0,0.0,0.0,0.0,0.0,0.0,0.0,0.0,0.0,0.0,0.0,0.0,0.0,0.0,0.0,0.0,0.0,0.0,0.0,0.0,0.0,0.0,0.0,0.0,0.0,0.0,0.0,0.0,0.0,0.0,0.0,0.0,0.0,0.0,0.0,0.0,0.0,0.0,0.0,0.0,0.0,0.0,0.0,0.0,0.0,0.0,0.0,0.0,0.0,0.0,0.0,0.0,0.0,0.0,0.0,0.0,0.0,0.0,0.0,0.0,0.0,0.0,0.0,0.0,0.0,0.0,0.0,0.0,0.0,0.0,0.0,0.0,0.0,0.0,0.0,0.0,0.0,0.0,0.0,0.0,0.0,0.0,0.0,0.0,0.0,0.0,0.0,0.0,0.0,0.0,0.0,0.0,0.0,0.0,0.0,0.0,0.0,0.0,0.0,0.0,0.0,0.0,0.0,0.0,0.0,0.0,0.0,0.0,0.0,0.0,0.0,0.0,0.0,0.0,0.0,0.0,0.0,0.0,0.0,0.0,0.0,0.0,0.0,0.0,0.0,0.0,0.0,0.0,0.0,0.0,0.0,0.0,0.0,0.0,0.0,0.0,0.0,0.0,0.0,0.0,0.0,0.0,0.0,0.0,0.0,0.0,0.0,0.0,0.0,0.0,0.0,0.0,0.0,0.0,0.0,0.0,0.0,0.0,0.0,0.0,0.0,0.0,0.0,0.0,0.0,0.0,0.0,0.0,0.0,0.0,0.0,0.0,0.0519860385419959,0.0,0.0,0.024520731325293157,0.0,0.0,0.0,0.0,0.0,0.0,0.0,0.0,0.0,0.0,0.0,0.0,0.0,0.0,0.0,0.0,0.0,0.0,0.0,0.0,0.0,0.0,0.0,0.0,0.0,0.0,0.0,0.0,0.0,0.0,0.0,0.0,0.0,0.0,0.0,0.0,0.0,0.0,0.0,0.0,0.0,0.0,0.0,0.0,0.0,0.0,0.0,0.0,0.0,0.0,0.0,0.0,0.0,0.0,0.0,0.0,0.0,0.0,0.0,0.0,0.0,0.0,0.0,0.0,0.0,0.0,0.0,0.0,0.0,0.0,0.0,0.0,0.0,0.0,0.0,0.049041462650586315,0.0,0.0,0.0,0.0,0.0,0.0,0.0,0.0,0.0,0.0,0.0,0.0,0.0,0.0,0.0,0.0,0.0,0.0,0.0,0.0,0.0,0.0,0.0,0.0,0.0,0.0,0.0,0.0,0.0,0.0,0.0,0.0,0.0,0.0,0.0,0.0,0.0,0.0,0.0,0.0,0.0,0.0,0.0,0.0,0.0,0.0,0.0,0.0,0.0,0.0,0.0,0.0,0.0,0.0,0.0,0.0,0.0,0.0,0.0,0.0,0.0,0.0,0.0,0.0,0.0,0.0,0.0,0.0,0.0,0.0,0.0,0.0,0.0,0.0,0.0,0.0,0.0,0.0,0.0,0.0,0.0,0.0,0.0,0.0,0.0,0.0,0.0,0.0,0.0,0.0,0.0,0.0,0.0,0.0,0.0,0.0,0.0,0.0,0.0,0.0,0.0,0.0,0.0,0.039215397947846134,0.0,0.0,0.0,0.0,0.0,0.0,0.0,0.0,0.0,0.0,0.0,0.0,0.0,0.027465307216702747,0.0,0.0,0.0,0.0,0.0,0.0,0.0,0.0,0.0,0.0,0.0,0.0,0.0,0.0,0.0,0.0,0.0,0.0,0.0,0.0,0.0,0.0,0.0,0.0,0.0,0.0,0.0,0.0,0.0,0.0,0.0,0.0,0.0,0.0,0.0,0.0,0.0,0.0,0.0,0.0,0.0,0.0,0.0,0.0,0.0,0.0,0.0,0.0,0.0,0.0,0.0,0.0,0.0,0.0,0.0,0.0,0.0,0.0,0.0,0.0,0.0,0.0,0.0,0.0,0.0,0.0,0.0,0.0,0.0,0.0,0.0,0.0,0.0,0.0,0.0,0.0,0.0,0.0,0.0,0.0,0.0,0.0,0.0,0.0,0.0,0.0,0.0,0.0,0.0,0.0,0.0,0.0,0.0,0.0,0.0,0.0,0.0,0.0,0.0,0.0,0.0,0.0,0.0,0.0,0.0,0.0,0.0,0.0,0.0,0.0,0.0,0.0,0.0,0.0,0.0,0.0,0.0,0.0,0.0,0.0,0.0,0.0,0.0,0.06212266624470001,0.0,0.0,0.0,0.0,0.0,0.0,0.0,0.0,0.0,0.0,0.0,0.0,0.0,0.0,0.054930614433405495,0.0,0.0,0.1039720770839918,0.0,0.0,0.0,0.0,0.0,0.0,0.0,0.0,0.0,0.0,0.06212266624470001,0.16479184330021646,0.0,0.0,0.0,0.0,0.0,0.0,0.0,0.054930614433405495,0.0519860385419959,0.0,0.06212266624470001,0.0,0.0,0.0,0.0,0.044793986730701375,0.0,0.0,0.0,0.0,0.0,0.0,0.0,0.0,0.0,0.08958797346140275,0.0,0.0,0.0,0.0,0.0,0.0,0.0,0.044793986730701375,0.0,0.0,0.0,0.0,0.0,0.0519860385419959,0.0,0.0,0.0,0.0,0.0,0.0,0.0,0.0,0.0,0.0,0.0,0.0,0.0,0.0,0.0,0.06212266624470001,0.0519860385419959,0.0,0.0,0.0,0.0,0.0,0.06212266624470001,0.06212266624470001,0.06212266624470001
